"Respondent","ASC1","BTime","BCost"
8738,0.7365752963,0.1649113869,0.3853821977
8740,0.7633661307,0.1690558941,0.4014064111
8741,0.8019817444,0.2206028782,0.4136851711
8742,0.7833934688,0.1672177676,0.3981294607
8744,0.8264721425,0.1706189482,0.3972688947
8745,0.7105449906,0.1732182629,0.3888883647
8746,0.7606134718,0.1873920713,0.3932879502
8750,0.7245501832,0.1438184149,0.3862008615
8751,0.7547055064,0.1459593293,0.3553300116
8752,0.7669784658,0.1758128515,0.4040110214
8755,0.7405751865,0.1518173211,0.3917102409
8759,0.7389407242,0.1651987346,0.4113038833
8762,0.7487007165,0.1835363159,0.404094749
8763,0.7464490376,0.1202598017,0.3807798171
8766,0.7038414129,0.1669391753,0.3938482843
8771,0.7680151531,0.1370360624,0.3520373336
8774,0.7608876597,0.1739494999,0.3986052348
8775,0.7658381964,0.2048456851,0.4136190995
8778,0.7697452139,0.1685477399,0.3806639373
8779,0.6875466297,0.142963491,0.3762551768
8780,0.7201573187,0.1769896724,0.3988009499
8787,0.7705414245,0.202124763,0.4081692788
8800,0.7292589596,0.09196760821,0.3374333209
8804,0.7301149981,0.1221883952,0.4025553556
8806,0.774648024,0.1304120923,0.3774551013
8808,0.7355073326,0.1692027957,0.397345816
8814,0.7637299466,0.1803546362,0.3955969056
8815,0.7395572182,0.1025791029,0.384734458
8816,0.7931265315,0.1749045689,0.3884763818
8826,0.7249787023,0.1652841292,0.3868392471
8829,0.7204306787,0.1019078178,0.3445752101
8830,0.7266690302,0.1711431737,0.3839230866
8831,0.751027173,0.1784076111,0.3998222762
8836,0.7254376659,0.1467204785,0.3878872414
8838,0.7461297714,0.1665509716,0.4212913162
8841,0.7650127312,0.1785172263,0.3827973287
8844,0.7474459072,0.1647828202,0.3808263425
8852,0.7450238011,0.2007486842,0.4096508169
8854,0.7871452137,0.2039211661,0.4052435575
8855,0.743017508,0.1798007105,0.3856627158
8856,0.7562627521,0.1350242971,0.4055882966
8858,0.7754434514,0.2043670734,0.4122599136
8864,0.7091963055,0.09085575206,0.3697492327
8866,0.746698868,0.17908019,0.3805519922
8867,0.7500140237,0.08142346786,0.3401770853
8868,0.7132825429,0.1772816624,0.3203962102
8873,0.784544856,0.1743394625,0.3967524859
8877,0.7605820274,0.1835512836,0.3912912699
8879,0.7601743634,0.1140478717,0.3787861736
8890,0.743127791,0.1829005207,0.4031603857
8893,0.7419384901,0.1811489086,0.3947029758
8895,0.7294030833,0.1269527544,0.3880732692
8896,0.7438657859,0.1151235796,0.3654950606
8897,0.7702024129,0.2088613477,0.419853409
8899,0.7766570371,0.1729496567,0.4042207765
8902,0.7462866653,0.1106061461,0.3861312838
8906,0.7566560399,0.176892315,0.3965629811
8907,0.7515334724,0.1447569322,0.38421867
8913,0.7289643762,0.1597149575,0.3914127214
8914,0.737433307,0.1071221348,0.3692347691
8917,0.7756488668,0.153762762,0.3912183778
8921,0.7183963598,0.1562836456,0.3938644852
8922,0.7660790852,0.1877086888,0.3913118626
8928,0.7537082756,0.1564393417,0.3937826284
8929,0.7624103488,0.1670521179,0.384543485
8931,0.7774882869,0.1605640242,0.3355565565
8934,0.6921081236,0.139241995,0.3554224678
8936,0.7520622281,0.2045449376,0.4168897101
8937,0.7897842293,0.1781000479,0.409723061
8938,0.7545634106,0.1666094353,0.3849082427
8943,0.755460482,0.1855464271,0.3986460603
8945,0.7662237747,0.2095541355,0.4272332156
8954,0.7581401943,0.1904893485,0.4012563667
8956,0.771968857,0.1957893767,0.4032925514
8957,0.725726643,0.1582787143,0.36861437
8959,0.7403399031,0.1739989145,0.4126660748
8966,0.7779932613,0.1738197126,0.4070317333
8968,0.7351170094,0.1744842913,0.397889739
8972,0.7329185161,0.1632947756,0.3776297787
8973,0.7426714424,0.1812938362,0.3968138624
8977,0.7644806711,0.1694969149,0.3894291976
8979,0.7765126442,0.2087007235,0.4120337872
8981,0.7717174173,0.1663104547,0.3988382707
8991,0.7568681383,0.1689502353,0.3916255159
8993,0.7534858942,0.213064692,0.4153655837
8996,0.7332054907,0.1562816323,0.4053261916
8997,0.7375026978,0.2015867467,0.4051012811
9001,0.7544052793,0.1780125593,0.3959865598
9003,0.7339232558,0.1723179376,0.3974211549
9009,0.7438297448,0.1390271615,0.3946130283
9012,0.7681546231,0.175950689,0.3823476981
9015,0.7690218045,0.1379103663,0.3819782223
9017,0.7317135796,0.09905991654,0.3782083946
9018,0.7185656952,0.1164959623,0.3552058016
9019,0.7409363813,0.1680211589,0.3861751337
9020,0.7105076824,0.1490218163,0.3825926717
9021,0.7652456622,0.1538331919,0.3935242976
9023,0.7357967482,0.1772844351,0.3962931786
9024,0.7504130213,0.1491662282,0.3944838099
9026,0.7337480888,0.1675137569,0.4045076283
9027,0.7180289197,0.1794136607,0.3816460936
9028,0.7774329471,0.167444971,0.4004456499
9033,0.7611444419,0.1152591475,0.3506067005
9034,0.7234037912,0.1579986422,0.404234439
9037,0.7771242693,0.1664252895,0.3911305772
9040,0.6802092151,0.08454382292,0.3391093483
9041,0.7349137343,0.1807929062,0.3930213993
9054,0.7341850774,0.1556291015,0.3937098829
9055,0.6972627675,0.09145660438,0.3521830572
9056,0.7636161081,0.1247621698,0.371150737
9057,0.7440706119,0.1672767834,0.4014730262
9061,0.7848279442,0.1717443128,0.4084499457
9066,0.7051089129,0.1048265929,0.3759328612
9069,0.7063520503,0.1696919701,0.4046124415
9072,0.7345965059,0.2094123892,0.3908726542
9083,0.7323948468,0.14203645,0.3606875861
9085,0.7473094117,0.1522617065,0.4016022746
9088,0.7537822611,0.1466643611,0.3671386587
9090,0.7691601672,0.1625739288,0.4170982585
9095,0.7372691091,0.1627525055,0.3858158987
9099,0.7621963568,0.1710149436,0.4066273476
9105,0.7527973604,0.2013789015,0.4194019207
9106,0.7329897411,0.1840436518,0.4080339431
9107,0.7382488568,0.1947691215,0.4121785069
9109,0.7340911732,0.1627089173,0.3892600521
9110,0.7371731812,0.1335017797,0.3907957305
9111,0.7596970568,0.1735317025,0.4138216199
9113,0.7944470689,0.1792472381,0.399036431
9114,0.7360019058,0.1612094601,0.3958504958
9118,0.7593974182,0.1721590439,0.4200492562
9119,0.7373711278,0.1276023824,0.3608335219
9120,0.757895364,0.2011434647,0.3985844072
9121,0.7184196815,0.1261372944,0.3775709523
9123,0.7300461273,0.09350536788,0.3354984834
9127,0.7447314555,0.1731573827,0.3838389309
9129,0.706124882,0.08476058492,0.3333720592
9133,0.7645768155,0.1706377384,0.3954110914
9135,0.7652436795,0.1646427536,0.4016587085
9143,0.7415529219,0.1653956241,0.3965293186
9146,0.7479975537,0.1987447788,0.4008720768
9147,0.7260774549,0.1733094861,0.4120704571
9148,0.7219652008,0.0742499557,0.3513046484
9149,0.6970625878,0.1617733875,0.3866094685
9150,0.751494221,0.1351879914,0.3844682036
9152,0.7861876618,0.1838293718,0.3988199236
9155,0.7135178121,0.1628302198,0.3830606954
9156,0.7299485234,0.09015442048,0.3797576433
9158,0.7426094892,0.09488721775,0.3846000032
9162,0.7435734164,0.1273445339,0.3995857408
9164,0.7390318401,0.135028701,0.36975762
9165,0.7845376557,0.1719376886,0.4058142735
9167,0.7795845971,0.16994864,0.3941695161
9168,0.7792140466,0.1510817773,0.402062572
9175,0.7036104373,0.1516764581,0.3992035418
9176,0.7513456885,0.1068903476,0.3795164059
9178,0.7642039567,0.2063506974,0.4047132665
9179,0.7129951281,0.1630197383,0.3996282994
9182,0.7538329507,0.1596518374,0.3949611239
9185,0.7194970607,0.1103857497,0.3526831337
9186,0.7389702806,0.2008929244,0.4086891216
9189,0.7416274473,0.1718014856,0.3946845443
9190,0.7192954655,0.1066246332,0.3804115751
9191,0.758346988,0.1621827907,0.3928786719
9194,0.7777228013,0.1866194283,0.4111227099
9195,0.7084036965,0.08747997972,0.359653897
9196,0.6940477165,0.1044707205,0.3815459678
9197,0.7825763231,0.1885453219,0.4123694702
9207,0.7759153518,0.1806759521,0.3935952413
9213,0.7343355931,0.1918852691,0.4088284762
9216,0.7831996924,0.1712211135,0.4066036564
9217,0.7830614427,0.2087104414,0.4067428146
9218,0.7195213073,0.1300694963,0.4016103471
9219,0.7442872348,0.2145857401,0.4004223093
9221,0.7582007629,0.1260651436,0.3707355942
9222,0.7424611978,0.1707967625,0.401893015
9234,0.7126041726,0.17595964,0.387001207
9239,0.7230221036,0.176548759,0.3977574978
9242,0.7279563746,0.1115956289,0.3631638421
9246,0.7099807932,0.1387670747,0.3743465165
9251,0.7763709804,0.177437105,0.4098584349
9252,0.7420397727,0.1618350522,0.3904639065
9254,0.7462637291,0.167583074,0.406352552
9258,0.7559101528,0.1575962506,0.3887031128
9259,0.7202332012,0.1856748328,0.3930548223
9266,0.771342103,0.1757973866,0.4061913319
9267,0.7538370046,0.1812640374,0.4041791507
9271,0.7417102879,0.1360551608,0.3735230299
9273,0.7294298958,0.1854669324,0.3972963923
9274,0.740018793,0.1732224495,0.3998729983
9276,0.7467590814,0.2058005989,0.4185482846
9279,0.7740100277,0.1947907814,0.3820165771
9280,0.7566383587,0.1680103628,0.3989031726
9281,0.7663358788,0.1472113419,0.3746555906
9285,0.7601243097,0.1233500369,0.3775821792
9288,0.7245671022,0.1531108421,0.3852309487
9294,0.7118871807,0.1117829988,0.3560801946
9299,0.7415349949,0.1707381737,0.3858879956
9300,0.7127769519,0.1168091482,0.3924373443
9303,0.7380802041,0.1390254657,0.3955052396
9305,0.7406683988,0.1758252106,0.3989266726
9311,0.751025517,0.1650326239,0.3859889801
9318,0.7212849797,0.07880105963,0.3346500816
9326,0.7510562427,0.1261802862,0.3933462742
9334,0.7665086967,0.1633776133,0.3926779786
9338,0.7446150662,0.09734232984,0.3683295948
9339,0.7333418274,0.1864039775,0.3966181829
9342,0.7553426791,0.1424441863,0.3603315939
9346,0.7584132823,0.1791700291,0.4107869355
9347,0.750658196,0.1811691003,0.3928724988
9351,0.7418806124,0.1376665616,0.3741469505
9352,0.7419056173,0.1181875103,0.3979628779
9354,0.7532919886,0.1664629795,0.4069593357
9355,0.7200509415,0.08831065056,0.3707364707
9358,0.7699238428,0.1872457469,0.4124647577
9361,0.7597641325,0.1822037689,0.3845508641
9366,0.7235461512,0.08350959331,0.3328079364
9367,0.7267883405,0.1735913778,0.3918568642
9368,0.7592074973,0.1810440208,0.4030147841
9369,0.7352599458,0.1430194504,0.3930735211
9371,0.7362090745,0.1769763718,0.4122735781
9373,0.7681909824,0.1734677172,0.3953404204
9380,0.758927546,0.1798880719,0.4004715105
9382,0.7639788467,0.1021669977,0.3622117044
9384,0.7589081506,0.2233739684,0.3906704686
9389,0.7499691663,0.1322219578,0.4047309135
9391,0.7400138927,0.215880199,0.4052570039
9398,0.7302246357,0.1655067516,0.3900352139
9399,0.7526535961,0.1615214576,0.3817648573
9402,0.7931257102,0.1304355161,0.3861964989
9404,0.7308297757,0.1700840133,0.3893272915
9406,0.7675404743,0.1806567951,0.4097473079
9413,0.7734672832,0.1988303471,0.4016278419
9416,0.7175615453,0.1687977483,0.3824571728
9417,0.7137200225,0.1629389874,0.3862968319
9418,0.7508972688,0.1344175585,0.40001304
9422,0.7368546259,0.1730310333,0.4020392101
9426,0.7909688592,0.2137669718,0.3993342597
9427,0.7755059047,0.177709695,0.3972594988
9428,0.7576053787,0.2101060503,0.3899204966
9429,0.7212938941,0.1648646562,0.402607365
9433,0.762932684,0.1665904231,0.4115257285
9434,0.7575161028,0.1841176441,0.4105089803
9439,0.7526493765,0.1981958855,0.4096971097
9440,0.6961914884,0.1722682115,0.3860750309
9445,0.7051104551,0.1003220149,0.3559039123
9447,0.7620655477,0.1287306017,0.3940619353
9448,0.7944930469,0.1971263514,0.4182195062
9450,0.7176973353,0.09914385966,0.3811448345
9451,0.7569714447,0.1702940737,0.4022561708
9452,0.7057397394,0.1676561611,0.4044725902
9455,0.7255453567,0.1499853902,0.3838072056
9456,0.7468071664,0.1670713896,0.3936408925
9457,0.729862672,0.1212419835,0.3682365527
9458,0.7600601539,0.1709617574,0.40181857
9460,0.813815735,0.1758917961,0.402351534
9461,0.7549619658,0.07762391696,0.3434959242
9462,0.7685087016,0.1153225206,0.3875559602
9464,0.7582871329,0.1804510183,0.3977631857
9466,0.7605178497,0.149205974,0.3794872188
9469,0.7490622313,0.1685591832,0.397333385
9472,0.7179646182,0.1538345954,0.3941293441
9475,0.7357769732,0.1952762933,0.3977938292
9476,0.7518647388,0.1826969486,0.3860423743
9477,0.7702014275,0.2052761716,0.4214214346
9483,0.761524008,0.1466287916,0.3873924923
9485,0.7482315572,0.1950501933,0.4085754076
9491,0.7562294376,0.155126318,0.3925524239
9494,0.7366937447,0.08274823494,0.3653346929
9496,0.7417892709,0.169443539,0.3436597109
9498,0.734329831,0.2035139843,0.4180872339
9502,0.7371499566,0.1236616693,0.3598566682
9523,0.7517282752,0.1712326929,0.4008097372
9524,0.7607307352,0.1752203448,0.3935798375
9531,0.7199015696,0.0830936396,0.3732291708
9534,0.739650595,0.1686726601,0.3941743101
9536,0.7529148178,0.18728827,0.3999992709
9538,0.7272297069,0.07971470602,0.3123668504
9541,0.7096363605,0.1571972959,0.4034958443
9545,0.7260106811,0.1117872574,0.3498463219
9546,0.7517690244,0.1755291879,0.4062615327
9550,0.746086599,0.1710346476,0.4039885535
9551,0.7061360771,0.1545706501,0.3942275645
9552,0.7513710911,0.1974624361,0.4018214942
9554,0.7675284696,0.1825139397,0.410196641
9555,0.756920368,0.1956124069,0.4149609143
9556,0.6990720598,0.09916648053,0.3734190241
9559,0.7336147127,0.1335799608,0.3774720067
9560,0.7656171173,0.1347695958,0.3911978619
9563,0.7227241328,0.1700697833,0.3986304643
9566,0.7581212801,0.1802389117,0.3996877966
9567,0.7433622119,0.1007563862,0.3810879355
9572,0.7883787292,0.1932507798,0.4012101641
9579,0.7261666806,0.120836185,0.3730326152
9582,0.7479242087,0.1653843091,0.3792262345
9584,0.7812324803,0.1645992915,0.4252884152
9586,0.7333876904,0.1808344795,0.4070178723
9587,0.7484131574,0.1792719889,0.3889211556
9588,0.7422781136,0.1751619422,0.3969284363
9589,0.7776694235,0.1880355315,0.4066405632
9590,0.7097281592,0.1584696796,0.3899437761
9591,0.7651172815,0.174184644,0.4059982701
9596,0.7668213263,0.1781666382,0.4006572015
9597,0.7457062356,0.1735901926,0.4026809587
9603,0.7503556242,0.1150785684,0.3837017838
9604,0.7175234159,0.1809116698,0.3879907517
9608,0.7474815584,0.1349834752,0.3983226267
9614,0.7488365238,0.1665758049,0.4104491929
9616,0.7645171757,0.1809502174,0.3844792544
9621,0.7357245549,0.08953981367,0.336455839
9622,0.7494162182,0.1408182216,0.4037218649
9623,0.7250897536,0.1612284688,0.3835639145
9624,0.7472722412,0.147219375,0.3831044478
9625,0.7614963852,0.183866072,0.3951771905
9629,0.7557478785,0.1857026294,0.4059317984
9632,0.8067344984,0.1796566506,0.4069173599
9633,0.7301105173,0.121512036,0.3747186347
9634,0.7513809738,0.1940097315,0.4121728532
9635,0.7344097816,0.1594854946,0.39442023
9646,0.7215912772,0.1649988664,0.4088276597
9648,0.76324642,0.2063983763,0.4066550186
9649,0.7522673851,0.1202982771,0.3870346314
9661,0.8063034067,0.1940381652,0.3995762205
9662,0.7919775495,0.1989057187,0.4115681218
9663,0.7853379616,0.1881354329,0.3858511533
9664,0.7666946513,0.1824066543,0.415569082
9670,0.7608932198,0.1588469368,0.4134566868
9685,0.7450172126,0.1692492554,0.3829455955
9686,0.7542509776,0.1590149579,0.4024556716
9687,0.7164211642,0.1589658509,0.3967654175
9688,0.7032154264,0.1407357744,0.3948187878
9691,0.7519420113,0.1672960951,0.3819387708
9692,0.7326872484,0.1673455442,0.3889265859
9693,0.7350623452,0.142365728,0.3819086804
9694,0.7554789113,0.1331298811,0.3841597691
9705,0.7248605187,0.1719388948,0.40092068
9706,0.7360175778,0.1681124291,0.4024427377
9707,0.7293653732,0.1824751328,0.3865106502
9711,0.7377973634,0.2021329022,0.4056389231
9713,0.7535643993,0.1097064628,0.3735798106
9715,0.7479552432,0.2049773896,0.4038239005
9716,0.7757099036,0.2121947089,0.3468390076
9717,0.7677823648,0.1725440045,0.4014067915
9718,0.7661802704,0.1637464241,0.4137200439
9720,0.7274645909,0.1191578054,0.3771847732
9721,0.72564774,0.1331690761,0.3696362606
9722,0.7302306883,0.1810367894,0.3997776537
9723,0.7332443083,0.162272745,0.3948224032
9724,0.7868005126,0.1913338179,0.4063827215
9727,0.761875999,0.1714384177,0.40484986
9730,0.7615912903,0.172007878,0.4110718048
9731,0.7152882896,0.1131872181,0.3732296818
9736,0.7805301231,0.1728931487,0.4108512719
9745,0.7607049156,0.1787131128,0.3934391024
9746,0.7544054705,0.1834379075,0.405097982
9747,0.7197228002,0.1553990361,0.3969629981
9749,0.7233928598,0.0984275593,0.3902157892
9750,0.7571420884,0.1870997661,0.3962324064
9751,0.7276615909,0.1015156309,0.3782408655
9754,0.7570695161,0.2042970241,0.4113542294
9757,0.7180438903,0.1972787117,0.3951015937
9761,0.7584302417,0.1806902486,0.3911453269
9762,0.7540703681,0.1805267079,0.4054565536
9764,0.769131844,0.1787976088,0.3883938258
9766,0.7749539631,0.1686534627,0.3937120827
9770,0.7661449596,0.1918052133,0.4087400628
9777,0.7666016777,0.1827512827,0.3999518035
9778,0.7674198999,0.1745429205,0.3933455043
9780,0.7388191331,0.1640660592,0.403849351
9781,0.7508142497,0.1423707704,0.3964954144
9782,0.7734934124,0.1473089316,0.3549924777
9783,0.7430565503,0.1869692187,0.4198219681
9784,0.7435127366,0.1731098124,0.4035762612
9785,0.7345989502,0.1370686505,0.4006412382
9791,0.7342211295,0.1446368788,0.3918267055
9797,0.7373933316,0.09347381971,0.3371710901
9798,0.7567252581,0.176744528,0.3967343731
9800,0.7630681568,0.1938121502,0.4149157836
9802,0.711883778,0.1659187034,0.3960360063
9804,0.716404636,0.171499336,0.3948110859
9807,0.7453717769,0.1745547835,0.4075579228
9808,0.7594326424,0.1659224794,0.3951330348
9809,0.7712317409,0.1761207005,0.4136933764
9811,0.7248888848,0.1628831779,0.402198024
9816,0.7709257824,0.2015220927,0.4091056653
9817,0.7274808483,0.1188901448,0.3733705734
9821,0.7509060994,0.1704844723,0.4000442524
9826,0.7269995887,0.1571398448,0.3826832762
9827,0.7222740287,0.1762784002,0.3899169256
9832,0.7536683905,0.1291176586,0.3788246816
9835,0.7340127715,0.162429241,0.4051002888
9836,0.7164905406,0.1322352335,0.3818761267
9838,0.7395847955,0.0878458589,0.3505426239
9843,0.7511991682,0.1654165217,0.401857005
9845,0.7307778817,0.1598161005,0.390116165
9849,0.7763384243,0.1787088667,0.3970696848
9850,0.7318239927,0.1469072718,0.3706363188
9851,0.7517683634,0.1060629681,0.3985173849
9854,0.7615014934,0.1938014807,0.3731518077
9857,0.7589688724,0.1623675308,0.3837054028
9858,0.7591458386,0.1869210004,0.4090467735
9859,0.7398932674,0.1318405762,0.3765475481
9860,0.7411851624,0.2064480494,0.4067614642
9862,0.7463470805,0.1879410533,0.4025952401
9864,0.7192899339,0.09671709041,0.371467868
9868,0.7644019444,0.1735925855,0.4000038864
9869,0.7389733935,0.2025221638,0.4093752589
9872,0.6919398354,0.1594914735,0.3748372265
9873,0.7432683482,0.1668338956,0.3913941945
9877,0.7888988451,0.178695142,0.4063181315
9878,0.7330347785,0.1223953275,0.361047281
9880,0.7398080875,0.1687732913,0.3893132488
9882,0.7559213299,0.1796490044,0.3995366117
9887,0.7249666214,0.1151853698,0.3737241616
9891,0.7305272793,0.1510289679,0.3871225722
9892,0.7639759898,0.1980828522,0.4006338654
9893,0.7375904237,0.1707443355,0.3990480202
9894,0.7466953861,0.190052594,0.4048123502
9895,0.7011851275,0.09152870993,0.3680668499
9896,0.7548547496,0.1723821065,0.4081721826
9898,0.7863326538,0.1745362129,0.4002190309
9899,0.7519539854,0.1920159108,0.4021806511
9903,0.767078691,0.167276254,0.3976967013
9906,0.7640947014,0.176730084,0.3878676197
9908,0.7283802853,0.08892341967,0.3600185107
9910,0.7856040936,0.1089201071,0.3823388053
9911,0.7440887652,0.1933351097,0.394074741
9912,0.7671509498,0.1914676049,0.4011339951
9913,0.7537695568,0.1760132688,0.3715624376
9915,0.7542323214,0.1782506354,0.3935482373
9916,0.7644551767,0.1872682048,0.4121784176
9917,0.7535657176,0.1115970255,0.3954848854
9920,0.7499686322,0.1542544202,0.3900466365
9922,0.6893603014,0.1089844972,0.3484066108
9923,0.7487331881,0.184142462,0.3969196706
9924,0.7816909071,0.1625456328,0.3861618703
9926,0.7721223934,0.1785662417,0.3961966634
9929,0.8011684841,0.2104541973,0.3989390329
9933,0.7452163301,0.1553758228,0.3934932192
9934,0.737896402,0.1542417542,0.389921076
9935,0.783793378,0.1620586917,0.4015112344
9940,0.7944550943,0.1814012478,0.4036659905
9942,0.7602638455,0.1121200201,0.3966857209
9943,0.74540628,0.09426300063,0.3261191145
9944,0.7548617792,0.1804517336,0.3944259128
9947,0.7840813862,0.1823289648,0.3892004811
9950,0.7706066011,0.1719498856,0.3990388361
9951,0.7152927889,0.09983469183,0.3719597676
9953,0.7748884531,0.2000229967,0.3943794312
9954,0.7472950483,0.1301420313,0.3858434705
9957,0.7560712562,0.1650298374,0.4041433641
9959,0.7505393818,0.1870160166,0.4180123943
9962,0.7059921848,0.1202336252,0.3812575077
9965,0.7401252999,0.1596602583,0.4107371455
9973,0.7447193447,0.1129851701,0.3821016791
9974,0.7627410039,0.1789495536,0.396668535
9977,0.7545456583,0.1658274036,0.4018604026
9981,0.7548936577,0.1762546329,0.3995431611
9989,0.7914113074,0.1942706097,0.3934696169
9991,0.7063802246,0.08658812407,0.3617314497
9992,0.7474877603,0.1215113137,0.3414762139
9994,0.7640957515,0.2093340879,0.4230755306
9995,0.7352200888,0.1079596303,0.3814191023
9996,0.7533252678,0.1264336559,0.3899786103
9997,0.7489233586,0.2034669495,0.4144089474
10001,0.7625092185,0.1270879319,0.3999870693
10013,0.71107479,0.1411890174,0.3455232607
10017,0.7612473093,0.2132741338,0.399645886
10019,0.7473403495,0.1676565803,0.4098178028
10020,0.7309024591,0.1010945682,0.3712940532
10025,0.7061432913,0.1419895364,0.3821760196
10029,0.7641689371,0.2036551297,0.3957280462
10030,0.762835001,0.1363726221,0.390833706
10031,0.7276748533,0.09902500232,0.333149435
10032,0.7113984533,0.1501613737,0.3902069329
10035,0.7560920554,0.1244019227,0.3603406
10044,0.7646496005,0.1252265224,0.3899891953
10046,0.7571419608,0.1908104673,0.4059111745
10051,0.776293806,0.1786124367,0.3939480228
10053,0.7272240166,0.1810137447,0.4003760077
10055,0.7174777684,0.1533043046,0.3875333562
10061,0.794771651,0.1783839789,0.3991290484
10063,0.7990380412,0.1781362883,0.3985872662
10068,0.7264340766,0.08806436539,0.38012102
10069,0.7451301671,0.2130367481,0.409396937
10076,0.7694634179,0.180366333,0.4071877114
10078,0.7471191546,0.1971826939,0.4071649367
10082,0.7225165862,0.1697789965,0.3800835523
10083,0.748318635,0.1614446577,0.38870078
10088,0.7374512228,0.1693759895,0.3894876664
10098,0.774082391,0.1776892878,0.3976791511
10105,0.7646082685,0.1942836814,0.409399764
10109,0.7387183715,0.18103662,0.4086167886
10110,0.78459326,0.2102355605,0.4185079897
10111,0.7684953189,0.1829552493,0.3932270766
10116,0.7236151561,0.1900622701,0.40029502
10123,0.72377762,0.1095572567,0.3301370942
10124,0.7748794544,0.1716490001,0.4072958638
10125,0.7622853283,0.1755514058,0.3988169484
10126,0.7703990539,0.1695618198,0.3961202796
10128,0.740676349,0.2240751992,0.392510994
10130,0.7787431303,0.218509449,0.408732368
10136,0.7884422717,0.1687130355,0.3972790547
10141,0.7553179991,0.2013216115,0.4150057806
10144,0.7075569842,0.08171522802,0.3406769895
10152,0.7502060557,0.08942760749,0.3641758369
10155,0.7289820255,0.1653719434,0.4084213382
10156,0.7802373746,0.1797343316,0.4088406455
10157,0.7790022394,0.1800624257,0.3936663969
10162,0.7338039773,0.1795211948,0.3966489065
10164,0.7952466731,0.1739830745,0.3946842696
10167,0.7843401999,0.2013391848,0.4111803405
10169,0.772509675,0.1736536845,0.4073214201
10170,0.7429683511,0.1791375856,0.4033256962
10171,0.7207464951,0.1536915709,0.3932558991
10177,0.73885864,0.2143208398,0.4003162497
10178,0.7148055017,0.1649705345,0.3984178265
10183,0.7640754678,0.09863121639,0.3697193922
10185,0.7491431533,0.1773453487,0.3972187062
10186,0.7575182225,0.1983737082,0.4084525433
10187,0.7584471256,0.1651498151,0.3911364984
10188,0.7485817814,0.1354881037,0.4015154432
10191,0.7278922389,0.1979264353,0.3951548955
10193,0.7403557997,0.168286354,0.3968268298
10194,0.7392972896,0.1654190603,0.4061055186
10196,0.7730102851,0.1817118291,0.4109747989
10201,0.7414485129,0.1547607884,0.3905489184
10208,0.7769678142,0.1182110444,0.3739627502
10209,0.742474748,0.1733736885,0.4029386337
10212,0.7826638366,0.187284761,0.4011191524
10213,0.7117237726,0.1671955255,0.3834717594
10221,0.7913753873,0.09013713052,0.3602030187
10225,0.7614131044,0.1637649754,0.3791753834
10228,0.790150815,0.1224852086,0.4085591092
10234,0.7100273842,0.1678319614,0.3942631968
10235,0.7822166692,0.1465093697,0.3955591722
10241,0.7519306451,0.1430108406,0.3957850201
10247,0.7397124022,0.1904433155,0.4032743295
10248,0.7428760303,0.1763989903,0.4020583228
10250,0.711896126,0.1016104205,0.3677542217
10251,0.7450836999,0.1674869457,0.3852291077
10254,0.7564859717,0.2047453768,0.4173989662
10257,0.7055485111,0.1153453163,0.3923413043
10260,0.7483766845,0.0745819213,0.3489888965
10264,0.7483179593,0.1179052419,0.3908226981
10266,0.7548182335,0.1820581836,0.4080899865
10269,0.7626798892,0.1739006125,0.3871381714
10271,0.7863747933,0.173732686,0.4073376928
10275,0.7732069278,0.1698986715,0.3919783124
10277,0.7282392367,0.1369830027,0.3751883336
10278,0.7671533571,0.1873022378,0.3942983042
10279,0.7454757901,0.1694582809,0.4076532168
10284,0.7334487422,0.1393951282,0.3939525098
10285,0.690441637,0.1570948205,0.3779626354
10288,0.7658088139,0.1879817148,0.41466428
10290,0.7029618037,0.1646461156,0.3974332469
10291,0.7208530223,0.1575728759,0.3775491397
10293,0.7381611146,0.1836805067,0.3964902901
10295,0.7781236158,0.1861984471,0.418666794
10300,0.7696157547,0.1887909354,0.3980600965
10303,0.7492824364,0.08928233504,0.3745785653
10305,0.7144583813,0.1585460912,0.395393467
10306,0.7451024213,0.2000605354,0.4147205855
10309,0.7470093542,0.1399206322,0.3722260381
10310,0.7480090579,0.1645750596,0.4027283616
10314,0.7600525536,0.1478308073,0.4139338717
10315,0.7505870075,0.1406756475,0.3710120587
10316,0.7559042142,0.09463498992,0.3793802894
10320,0.7368854461,0.1132065423,0.3945400859
10321,0.6908858207,0.09950561166,0.3466462104
10325,0.7294788127,0.1891248296,0.4129996321
10327,0.7447560936,0.1583988401,0.356563997
10330,0.7772695216,0.1593677862,0.3819203787
10331,0.7339155389,0.1821622731,0.4074219517
10335,0.6854525175,0.08352853639,0.3643358487
10336,0.748029923,0.1884046354,0.4092255674
10337,0.7573631779,0.1211938113,0.3827291263
10341,0.735035874,0.1600280968,0.3919507928
10344,0.7430625954,0.1767344476,0.3936814449
10346,0.7671598506,0.08354992953,0.3179885556
10350,0.730824232,0.1105174264,0.392042921
10353,0.7293241678,0.2095650657,0.4096905642
10357,0.7526841012,0.1724572794,0.3985720016
10358,0.7580060509,0.1545556384,0.3908716084
10359,0.6998028474,0.1448935515,0.3708642365
10361,0.7531397828,0.08142990655,0.3373514946
10364,0.7401902367,0.172989432,0.4058095076
10366,0.7585026031,0.2065212572,0.4105469431
10368,0.7419034115,0.09956969758,0.3284924658
10369,0.7706076021,0.1792170154,0.4022729329
10371,0.7565300023,0.1826217708,0.4138289607
10372,0.7520243754,0.1781802118,0.4027219227
10376,0.7711883399,0.1772854378,0.3884786811
10377,0.6908167495,0.08606550512,0.3629291322
10388,0.7501720278,0.1638076455,0.4059914662
10389,0.744466723,0.180723031,0.3829536825
10394,0.7327625988,0.1740272311,0.3975037729
10397,0.733256257,0.1764870598,0.3912351471
10399,0.7614840731,0.1143203604,0.3763782844
10404,0.7687259338,0.1553818315,0.390840285
10408,0.7303850279,0.1574802777,0.4010364713
10412,0.7677524935,0.1674199266,0.4021642237
10413,0.7935734912,0.2016702693,0.4063535852
10414,0.7554415435,0.1936796228,0.400224966
10416,0.7184327074,0.1513772225,0.4068223157
10417,0.7821771968,0.1839242316,0.4075993272
10418,0.7585486028,0.1901694413,0.399868487
10420,0.7428453585,0.1683489299,0.4008003156
10421,0.7479381194,0.1498283126,0.3339990081
10427,0.7350827823,0.1206115131,0.4001742813
10429,0.7440976087,0.1429363062,0.4004505482
10430,0.7132785033,0.1688726161,0.387110805
10433,0.7648191318,0.1430328278,0.3805800565
10435,0.7554134196,0.1796489261,0.3943300433
10436,0.6627443748,0.08125420327,0.3556801505
10437,0.7678359614,0.1712633616,0.3883778967
10439,0.7331219305,0.1522511427,0.3966299277
10440,0.7322933964,0.1424220692,0.3907534437
10442,0.7816763134,0.1800928078,0.3793577282
10443,0.7510863741,0.1667266616,0.4012907224
10446,0.7641602076,0.1847070055,0.4098486931
10447,0.7688966796,0.1664455041,0.3816286011
10448,0.7478630806,0.1619956515,0.3962102421
10452,0.7712001832,0.1755508218,0.4155766036
10458,0.7546297529,0.1561755905,0.3955380719
10461,0.7539734028,0.1638906769,0.3956548493
10464,0.7611877783,0.1622843116,0.4012084554
10465,0.7046801397,0.1036102737,0.3806948547
10467,0.7086472261,0.1036349036,0.367369462
10468,0.763784816,0.1962380386,0.3768198769
10475,0.7727121736,0.1830353379,0.403346305
10476,0.7755041725,0.1715445818,0.3993258793
10479,0.7343649646,0.1732764795,0.3834126175
10480,0.7285113844,0.1689229277,0.4030872615
10481,0.7701812515,0.1618182766,0.3973805703
10487,0.77802537,0.1821462727,0.393568499
10495,0.7481596663,0.1784000761,0.3938473505
10496,0.8018464791,0.1666160638,0.4167524742
10498,0.7874050934,0.2076995138,0.4021560499
10502,0.7278389556,0.1908128791,0.4046355851
10503,0.74449326,0.07401963744,0.3649517749
10505,0.7633684911,0.1705810529,0.4026100753
10508,0.7536170348,0.1998366518,0.4033312027
10509,0.7432939968,0.1707801572,0.4048424386
10510,0.7658211684,0.1028853835,0.3484469441
10511,0.7504829715,0.1825046755,0.4086952197
10513,0.7254291608,0.1591013302,0.3977004707
10516,0.7413181037,0.1857259683,0.3971450651
10517,0.7203585316,0.08875975913,0.3641868988
10520,0.7517333097,0.1113217094,0.3773490482
10521,0.7536266706,0.1777224402,0.3937732574
10522,0.764224532,0.2029273842,0.4046445894
10526,0.7697601072,0.1689025633,0.4023715064
10528,0.717206455,0.09708741467,0.3745515155
10529,0.7614140745,0.1703869979,0.3957806507
10535,0.7389363058,0.1733826199,0.3864269046
10536,0.773412232,0.1904837184,0.3958204685
10541,0.7785407911,0.1495190814,0.4020612902
10551,0.7141632886,0.157169063,0.3989241183
10553,0.7199263555,0.1697885696,0.3975302799
10558,0.7399897899,0.1546276659,0.3900448467
10559,0.7371316085,0.162488863,0.3354229475
10565,0.7203575017,0.0903505724,0.3504858285
10578,0.7225159671,0.1520425845,0.3909391488
10579,0.7510981357,0.1750711951,0.4223577792
10581,0.7382996651,0.181221036,0.3869314535
10582,0.7395854464,0.09819127505,0.3844276695
10600,0.7132516167,0.1907114256,0.387730881
10601,0.7608182721,0.172663239,0.408343965
10602,0.7710915355,0.1798808542,0.4098763657
10607,0.761014705,0.204423874,0.413930367
10610,0.7076896485,0.09394351619,0.3622896451
10612,0.7412893417,0.1412674301,0.3902915334
10613,0.7882059383,0.1838740574,0.3894550803
10616,0.7147861594,0.1551010936,0.3873090435
10620,0.7469168373,0.1775714317,0.3995220811
10621,0.719191595,0.1567407469,0.4041950289
10624,0.7724208265,0.2110230164,0.4128672127
10630,0.7508992342,0.1652417925,0.3949664575
10631,0.7624779263,0.136911351,0.3986700201
10633,0.7467292216,0.1973863848,0.3945779681
10636,0.7095871961,0.1516861662,0.3938342202
10641,0.742301429,0.1765718001,0.3988723031
10642,0.7530543265,0.1662304518,0.4066127646
10643,0.7532739224,0.1807340076,0.4033574265
10645,0.752256618,0.1445893862,0.3992456912
10648,0.7318685415,0.1070369637,0.3571217
10650,0.7529320456,0.1849493936,0.3964982664
10655,0.7110077313,0.1767024891,0.3936573072
10657,0.7833638769,0.198958865,0.3931745147
10663,0.7512955012,0.213925978,0.4072635065
10664,0.7217370963,0.1544096843,0.4041909261
10666,0.7350616218,0.1668088371,0.4069717685
10667,0.7591767205,0.1727394649,0.3969040189
10670,0.7508031016,0.2205698039,0.4154314505
10672,0.7470087764,0.1744615192,0.3912574989
10675,0.7615166742,0.1714461544,0.394476337
10680,0.7555612581,0.2155683436,0.414701137
10682,0.7235804897,0.1135704986,0.363782947
10689,0.7445701209,0.1741720502,0.3887668538
10695,0.7166722516,0.1539592326,0.3963507429
10698,0.7148911959,0.1627377975,0.3839367447
10705,0.7653210463,0.1948799942,0.4063975835
10706,0.7433622875,0.206911312,0.4034349022
10712,0.7730270277,0.1502165808,0.3965086947
10713,0.745946626,0.1693601921,0.3934709467
10714,0.7471500056,0.1751619229,0.408184234
10717,0.7317022243,0.1995600303,0.4008464003
10720,0.7649839107,0.1522479262,0.3841450986
10727,0.755216812,0.1515976794,0.3829358075
10730,0.7433657253,0.1324988378,0.3540070776
10732,0.7625111127,0.1104389701,0.3765706556
10733,0.749665032,0.1666892285,0.404717793
10735,0.7025715623,0.1601566745,0.3897885816
10736,0.7238697735,0.1062481155,0.3811670204
10739,0.7746763625,0.1789937594,0.4176089991
10744,0.7388925039,0.1828586866,0.3953696155
10746,0.7468173114,0.1758919638,0.4017583622
10755,0.7525958676,0.1863797035,0.404998659
10760,0.7709314716,0.2111459272,0.4094516422
10762,0.7741516611,0.1719594208,0.4065454131
10766,0.7436006395,0.1478241904,0.3945996981
10769,0.7599737804,0.1854800121,0.3993880903
10770,0.7400727166,0.1106174069,0.354612124
10777,0.7317123337,0.1646380517,0.4096840971
10782,0.7571177387,0.1624588822,0.376101204
10794,0.7929513826,0.184007828,0.4074782384
10795,0.7636091933,0.1953918375,0.4016556574
10796,0.7537485486,0.1775445745,0.3919909385
10801,0.7463732985,0.1000839078,0.3675909014
10804,0.7632416514,0.2149770407,0.3969095287
10807,0.7542230961,0.1707007021,0.3926862406
10808,0.7592348949,0.1608952025,0.4053564597
10811,0.7527531409,0.1656724541,0.4020397293
10813,0.7612591249,0.2148075054,0.4113303958
10815,0.7152620961,0.1144343722,0.3948707224
10817,0.7256770792,0.1058055214,0.3692724768
10818,0.7482466227,0.1309910855,0.387983193
10819,0.774171561,0.187681449,0.4022664226
10829,0.7422376915,0.1857524497,0.3837208085
10830,0.7332607276,0.1335578999,0.3949078433
10832,0.7533908841,0.1976085956,0.4118345211
10836,0.7487350223,0.150812332,0.3803757871
10838,0.7512486609,0.1835862565,0.3965545538
10840,0.7495473482,0.1782478215,0.4084813594
10845,0.7865027549,0.198795612,0.396623139
10849,0.742377201,0.1373334728,0.3981775054
10856,0.7766292325,0.1643044834,0.4046164579
10862,0.7431756077,0.2000455122,0.4107193786
10863,0.740178676,0.1597834631,0.3969282553
10864,0.7577283214,0.1771550837,0.3918532481
10872,0.6972518067,0.1601868572,0.3774632795
10876,0.7626835291,0.1652011121,0.3847111771
10878,0.73228156,0.1777732526,0.4109649092
10880,0.7551017915,0.1212551092,0.355982685
10884,0.7586244203,0.172119503,0.4075734531
10885,0.7791965119,0.1788631875,0.3990814569
10888,0.7075375334,0.09444205188,0.370080649
10891,0.6986283767,0.1715256229,0.3942343153
10894,0.7480098357,0.2115461133,0.3982670479
10897,0.7504358463,0.1672492007,0.3806798041
10900,0.7517080712,0.1656726969,0.4130359507
10903,0.745821718,0.143804582,0.3815831588
10904,0.7248709196,0.1549360164,0.3816724426
10908,0.7616736394,0.1274448995,0.4006251298
10921,0.6876916836,0.1332365383,0.3812377234
10922,0.7465468496,0.1357648477,0.3714900222
10925,0.7717591677,0.1752035036,0.3922773965
10927,0.7444858855,0.1646792577,0.4056865685
10928,0.7330720738,0.1777485911,0.3919013764
10929,0.7474138059,0.1660230602,0.407889284
10937,0.7661804211,0.1420129109,0.4120611184
10938,0.7558348206,0.1743430365,0.4084548068
10940,0.7600243346,0.1811383849,0.4026639737
10942,0.7158919292,0.1547219193,0.4005822949
10943,0.741820846,0.1669221472,0.3920856224
10945,0.7337233074,0.1752261482,0.3802691347
10952,0.7019683989,0.1295829033,0.4036881707
10965,0.7348290611,0.1205292545,0.3970710379
10970,0.73508787,0.1716767813,0.3964792828
10971,0.7714748517,0.1736582079,0.3892805928
10977,0.7760154847,0.1411570634,0.3744993759
10982,0.7740970383,0.2115360967,0.4075095678
10987,0.729598829,0.0859902676,0.3851585173
10988,0.7189950787,0.1516197845,0.3823194181
10990,0.7700806762,0.1827683444,0.4032997027
10993,0.7218995422,0.09740543924,0.3582438826
10994,0.7587461406,0.1919370595,0.3918006095
10998,0.7399562303,0.1868188895,0.3942108907
10999,0.749464663,0.1719334104,0.3961279375
11006,0.7333287183,0.1427743612,0.3745989967
11008,0.7152279636,0.167843368,0.3916418502
11009,0.7626054718,0.2038613422,0.399498184
11011,0.7402651911,0.1944476666,0.3033995308
11013,0.7024478879,0.07490864605,0.3330014811
11015,0.7391579486,0.1104879953,0.3753066936
11016,0.7516256367,0.1809883527,0.4061306247
11017,0.7490134126,0.1974026674,0.401049676
11020,0.7402158347,0.1759221354,0.4040490568
11021,0.7204913199,0.1068274234,0.3711386772
11023,0.749423463,0.1326517014,0.3892570027
11024,0.7679366535,0.187143635,0.4102449452
11030,0.7784652827,0.1730173265,0.4221374053
11031,0.774397786,0.1715453328,0.3935353725
11032,0.7124058017,0.1669303397,0.3371206487
11033,0.7506270481,0.1715390191,0.4060647417
11037,0.7528130115,0.1758219171,0.4033618967
11040,0.7371381992,0.0864330167,0.3328845385
11042,0.761122973,0.2151940482,0.4098044665
11043,0.770786463,0.1781493257,0.4048574506
11044,0.7452763408,0.1813158265,0.4061045451
11045,0.772518901,0.1853017198,0.3970776786
11046,0.7844032908,0.1917696473,0.410331563
11048,0.7464886709,0.2132595078,0.3973247398
11052,0.7614353922,0.1776983602,0.3917437461
11053,0.7333777889,0.2003815798,0.4061432511
11055,0.7662335092,0.1732221425,0.3930023753
11060,0.731999528,0.1379385389,0.3972392436
11063,0.7591340683,0.1588233693,0.3783971133
11066,0.7666817326,0.1809946015,0.4125704477
11067,0.7286732966,0.1691768834,0.4070040451
11068,0.7294559491,0.1619742194,0.3893144785
11072,0.747571302,0.1625448208,0.3569983402
11073,0.6966992616,0.1451216504,0.4175502067
11076,0.7733669389,0.1751398686,0.3939580929
11078,0.7458123714,0.1811331253,0.3943075713
11079,0.7497131147,0.1749073966,0.4088255234
11080,0.7326934714,0.2069122241,0.4084195811
11082,0.7296901691,0.1354147926,0.384735709
11084,0.7293448375,0.1397210573,0.3892733445
11086,0.7389672433,0.1790034395,0.3976517861
11088,0.7688020442,0.1355085827,0.3866590819
11091,0.7102142237,0.08390381443,0.3582273501
11092,0.7475509278,0.1901589218,0.4093297909
11093,0.6823322588,0.08134474324,0.359182187
11096,0.7468182578,0.1406387425,0.3822638465
11099,0.7677183929,0.1768610328,0.4080752384
11102,0.7442252212,0.1768041555,0.3806888777
11104,0.7099902822,0.1032536281,0.3758341344
11105,0.7519670142,0.1689849416,0.3828539351
11106,0.7046942055,0.08984704679,0.3590750927
11110,0.7273720783,0.09837302295,0.3667267874
11112,0.762523565,0.1570862151,0.3936216062
11115,0.7709190103,0.2018918495,0.4154844352
11119,0.7636731532,0.189810787,0.4033311991
11120,0.7322993582,0.1668889077,0.3865768358
11121,0.7322830457,0.113273633,0.3626969073
11122,0.7500467511,0.1652840165,0.4083644496
11124,0.7815540116,0.1715833,0.386197058
11125,0.7575907654,0.1810574017,0.4060852561
11126,0.7565615717,0.1804803931,0.3953081169
11130,0.7508882333,0.1783833894,0.3874922599
11132,0.7249739792,0.1006559456,0.3717349585
11133,0.7753339569,0.1845304682,0.4169929291
11134,0.725533835,0.178282841,0.3926029178
11135,0.7240982378,0.09443013914,0.367047183
11136,0.7260522255,0.1054243871,0.3854419961
11137,0.7732892915,0.1674852679,0.3920258515
11140,0.717792094,0.1677313951,0.3839806248
11141,0.7340833306,0.07940013986,0.3706162915
11143,0.7044641022,0.1069663548,0.3626284584
11147,0.7663180267,0.1484325298,0.3936668771
11149,0.7378592902,0.1888934416,0.3988565864
11151,0.7689074685,0.1788655298,0.4055041928
11153,0.7316089082,0.1148151923,0.3885535282
11154,0.7914560638,0.168844273,0.4006558963
11157,0.7653712403,0.1734847482,0.3967817367
11160,0.7331608897,0.07897668104,0.3382169907
11162,0.7487825826,0.1458942308,0.3761760363
11164,0.7547436308,0.1761301256,0.3999498486
11165,0.7605772841,0.1714342334,0.4042736444
11167,0.7322347142,0.09241376266,0.3635382168
11169,0.7293351116,0.17322162,0.3813324772
11170,0.7705063945,0.2028394823,0.4086886006
11171,0.7612440944,0.1277608155,0.3189790021
11172,0.6772326585,0.07537879574,0.3725118059
11174,0.7130254472,0.08055545816,0.3173033718
11175,0.7135269459,0.1294139546,0.3613286115
11176,0.7615115138,0.1088642066,0.3553542241
11178,0.7351659584,0.1022277148,0.3888967903
11179,0.7593305062,0.1587766142,0.4058782589
11180,0.7222456618,0.1185448463,0.3821547828
11182,0.7533942157,0.1657933804,0.4093134685
11183,0.7774469657,0.09398966552,0.3451413148
11192,0.7748913869,0.1328794244,0.3796272639
11193,0.7704265552,0.1099895041,0.3870934003
11195,0.7551220949,0.1639057004,0.3979466982
11196,0.727681251,0.1668744399,0.3990598281
11197,0.7137508154,0.1146211213,0.3755665469
11198,0.7502333331,0.1267728242,0.3635185419
11199,0.7463136154,0.2011982296,0.3959352399
11200,0.7664358844,0.2115476322,0.4161953719
11201,0.7509472746,0.2126307109,0.407704003
11202,0.7416898387,0.1930871504,0.410093946
11203,0.7857449426,0.1804491197,0.4165481442
11204,0.7446055433,0.07897850848,0.3535413636
11205,0.7281739113,0.09471467425,0.3672480458
11206,0.7207369429,0.0808102253,0.3638451148
11207,0.7054101388,0.0815358914,0.3305936644
11208,0.7647618841,0.1081282511,0.3741527459
11209,0.7579225904,0.1747364559,0.4078954171
11213,0.7097893244,0.1689430636,0.3776811089
11214,0.716744715,0.1279060043,0.3690690929
11215,0.7324348002,0.1582189292,0.3759166031
11216,0.7389554198,0.1618256935,0.3897641064
11220,0.7582349299,0.1718864625,0.4054939042
11221,0.7678209634,0.1761857121,0.4088196012
11222,0.7802640449,0.2121188926,0.4164298995
11229,0.7384913306,0.1773589883,0.4106158369
11230,0.7647066854,0.200766496,0.4075789564
11233,0.7419710572,0.184511998,0.3911799132
11237,0.713114271,0.1669713374,0.3705678703
11238,0.7237883902,0.1038996252,0.374900603
11239,0.7700166586,0.1983313611,0.3926242978
11243,0.7589566328,0.1413250408,0.3923941963
11246,0.7449315807,0.1752866016,0.394355445
11247,0.7454367226,0.1266997202,0.3979064559
11250,0.7637600599,0.1137742933,0.3835697292
11251,0.7732686668,0.08776222153,0.357242952
11252,0.784276831,0.1804309073,0.379829639
11254,0.7403468867,0.1236808507,0.3863206077
11257,0.7302959808,0.1914297007,0.4014253724
11258,0.7578868099,0.1822365204,0.3967358254
11259,0.7537709954,0.1627456661,0.4034216362
11260,0.7202259432,0.1181699933,0.3676965022
11261,0.7368929436,0.142703285,0.3917790534
11263,0.7558228795,0.1566613816,0.3859072079
11264,0.7570679099,0.1176728061,0.4007208998
11265,0.6930500634,0.1649253723,0.3904750905
11266,0.7809326317,0.1750034686,0.3938141412
11267,0.7519328345,0.1386169925,0.3824943654
11268,0.7021404492,0.1016268036,0.3695250976
11270,0.7064668251,0.09212347818,0.358725295
11272,0.7548057998,0.1498062023,0.323758581
11276,0.7302788677,0.2133785734,0.3989736098
11277,0.7730470342,0.1720236012,0.3857424818
11278,0.7474357083,0.190088863,0.3972343273
11279,0.7179764498,0.1660639327,0.3781644158
11281,0.7422592255,0.1702824667,0.4005026446
11282,0.7016029509,0.1489006527,0.3917066699
11283,0.7325045491,0.168842317,0.3998236123
11287,0.7579576493,0.1739844657,0.4131820154
11288,0.77073422,0.102443554,0.3491250705
11289,0.7546588162,0.1005095531,0.3683603794
11292,0.7484637957,0.1744420185,0.3994394321
11300,0.7657478579,0.1171356262,0.3829588647
11304,0.730322667,0.1734811479,0.4028511037
11306,0.7673811701,0.1845878417,0.396373683
11307,0.7796649937,0.1928276821,0.4107947185
11308,0.7106024618,0.1107624454,0.3619886256
11313,0.7984149372,0.1857592831,0.396424697
11317,0.7192986622,0.1425801261,0.4010289695
11318,0.7218003207,0.1417246787,0.3837343354
11319,0.7431841431,0.09715988569,0.3635716023
11321,0.7860409066,0.1630827722,0.3885422703
11324,0.7496584805,0.1749543554,0.4043398328
11325,0.7628237751,0.2195001649,0.4176923575
11329,0.7729711369,0.1137742552,0.3817609916
11331,0.7497416885,0.185876396,0.4002357967
11332,0.7457262938,0.1792673461,0.414164547
11336,0.776357745,0.1779332708,0.4094328916
11340,0.7639959344,0.1267688922,0.3825306841
11343,0.7547003847,0.1385184211,0.3838902038
11344,0.7363553097,0.08681443347,0.3528228372
11346,0.7721927109,0.1681420413,0.398110423
11348,0.7881146484,0.1400088126,0.338767939
11351,0.7444996056,0.1389518094,0.3781379106
11354,0.7250029081,0.1230233153,0.368819348
11356,0.7323680279,0.1574941273,0.3940460556
11362,0.7391177803,0.1292353331,0.3846062155
11365,0.7583427368,0.08493386034,0.3405540058
11366,0.7449995519,0.1136972839,0.3743667944
11369,0.7392532234,0.1340929906,0.3667782453
11370,0.740796937,0.1346681628,0.3889936727
11372,0.7058665641,0.1509554536,0.3979413688
11374,0.7525754508,0.1540316186,0.3925058361
11381,0.7537878014,0.1669082708,0.3997450471
11382,0.7289903687,0.1758391324,0.4011202714
11383,0.7480634697,0.2019702073,0.4149382773
11384,0.762712548,0.1273758774,0.3691061669
11388,0.7789046322,0.1694676993,0.4059448979
11392,0.743304147,0.1555278215,0.3891563346
11393,0.7673479093,0.2126873851,0.3838476544
11394,0.7274169301,0.1661358855,0.4059817353
11396,0.743362486,0.1705902713,0.3890031002
11398,0.7916339947,0.1777583855,0.4128033843
11399,0.7513908924,0.1856917104,0.4020713284
11403,0.7701193568,0.1811701112,0.4059513451
11408,0.7247019486,0.08753158759,0.3573386656
11410,0.7527203154,0.1528007686,0.3819896232
11411,0.7384258848,0.1759211533,0.3982813586
11412,0.7189649634,0.1687325939,0.3936692972
11414,0.784728048,0.1768038474,0.4001383257
11416,0.7349189332,0.147194585,0.409936828
11417,0.7174417493,0.1694637486,0.387200815
11419,0.7107727145,0.157403051,0.4047243998
11420,0.6912342799,0.09712120835,0.3699555307
11423,0.7624294696,0.0919561355,0.3498531219
11428,0.7254601356,0.1616374563,0.399734141
11429,0.712743067,0.08455107769,0.3374700325
11430,0.7434288224,0.1449503943,0.3922781752
11431,0.7872442122,0.2195194637,0.4188246925
11433,0.7208086701,0.09743994667,0.3675433259
11439,0.7508900811,0.1886120806,0.3989770654
11441,0.7742750915,0.1755919196,0.4145605508
11442,0.7471459016,0.1038099355,0.3523183882
11443,0.7352719003,0.1983628629,0.3873118689
11444,0.7622881143,0.126286692,0.3476769474
11449,0.7656859844,0.1751482306,0.4159371269
11450,0.7515249545,0.2060588503,0.4200041619
11457,0.7475345459,0.172199047,0.4064070725
11459,0.7631329095,0.09112931557,0.3806628365
11463,0.7646584334,0.167225087,0.4007751041
11466,0.7639658488,0.111469361,0.3772292961
11468,0.7423173432,0.1929888085,0.4005723229
11470,0.7665884083,0.09598845365,0.3690023633
11472,0.7694379349,0.1862842519,0.4045552446
11473,0.7469368196,0.1898839323,0.3894168462
11474,0.7511250242,0.1186512398,0.3567418627
11475,0.719261283,0.1705528806,0.4065636294
11477,0.756734858,0.1679079017,0.3965828311
11480,0.7521279096,0.1397582507,0.3780423806
11481,0.7469895674,0.1153547777,0.3469548991
11482,0.765881844,0.2002887602,0.4130253641
11483,0.7418884393,0.1669925779,0.3987650511
11484,0.7387826156,0.1456693271,0.382186209
11486,0.7437329492,0.2180535161,0.3951914097
11487,0.7403801451,0.1497934758,0.3749626302
11488,0.7413973887,0.1710994587,0.366722429
11489,0.7653305466,0.1240852616,0.4077224766
11490,0.7813270531,0.120045621,0.3617758125
11495,0.7574370214,0.1776552996,0.3530609153
11496,0.7663159053,0.1631315109,0.3989259905
11497,0.7566814295,0.1105652128,0.3830776254
11498,0.7369609523,0.1206194878,0.3652932459
11499,0.7895221598,0.1807690435,0.3985627723
11500,0.6949700692,0.1385837917,0.3840794921
11506,0.7082697845,0.1673832032,0.3907792097
11510,0.7783510673,0.1797261925,0.398320952
11511,0.7436763593,0.1360695083,0.3723947428
11513,0.7294043687,0.1475951322,0.3714434672
11514,0.754177471,0.2279953262,0.3981924789
11521,0.7142592716,0.1662490917,0.3919627189
11524,0.7867593118,0.1687698076,0.4017675634
11525,0.7727089684,0.2084089372,0.403635552
11526,0.7440272219,0.1947059469,0.4013640263
11528,0.7695145776,0.1617631574,0.4027233103
11530,0.7735077872,0.1735460825,0.4010167623
11533,0.7069372536,0.08478460009,0.3764497929
11534,0.760619207,0.11276474,0.3701346806
11536,0.7582613286,0.1737596203,0.3996716138
11539,0.6959899149,0.121635015,0.3561087029
11541,0.758456102,0.1898211602,0.4021537397
11544,0.7181248759,0.09725073304,0.3742488683
11546,0.7162968724,0.1767051101,0.394645293
11550,0.769189634,0.1585655357,0.3973976207
11554,0.754541962,0.168090986,0.4066712448
11555,0.7253279932,0.1280940606,0.3633373032
11556,0.7407234978,0.09916673473,0.3593223254
11560,0.7381254645,0.1674156146,0.4040779878
11561,0.7546345903,0.1749065076,0.3912500265
11563,0.7451998264,0.1609469863,0.3994485185
11566,0.7270600828,0.1563953921,0.3941890541
11571,0.7690468299,0.2142627127,0.4100941233
11574,0.7441799214,0.2035031973,0.4000998298
11575,0.7435914461,0.1998228381,0.4023211018
11577,0.75001903,0.2107993142,0.4100644758
11580,0.7809286244,0.1721643174,0.4037351727
11581,0.7740586143,0.1965351735,0.3929404935
11582,0.7697997924,0.1008541974,0.385103014
11584,0.7517663686,0.09275349377,0.3589658797
11586,0.7394001021,0.1627962692,0.3977074907
11587,0.7525431647,0.1773056318,0.4019590491
11589,0.7392076293,0.106287552,0.3488742117
11590,0.7048338313,0.1645472027,0.3944619637
11591,0.726108614,0.1604758995,0.4056888773
11593,0.7607993601,0.1626371137,0.3829441545
11594,0.7549663142,0.1669873127,0.4090605366
11595,0.7455736531,0.1005312663,0.3873595268
11596,0.7656670239,0.1692364151,0.403212746
11604,0.7363185133,0.2111645844,0.4125022152
11605,0.7556589313,0.1612266565,0.3962963042
11607,0.7396246546,0.167490632,0.4036733459
11609,0.7606177771,0.1950229695,0.3996880963
11611,0.7781232599,0.1610600936,0.397119793
11612,0.76441925,0.1761815112,0.4055577114
11617,0.7084191541,0.1056056211,0.3718961805
11618,0.7293339882,0.1985813432,0.4095252628
11619,0.708172383,0.09297855539,0.3583395834
11622,0.7622582019,0.1309135392,0.3900984045
11625,0.7799864499,0.2132927002,0.4020023203
11630,0.7716415379,0.1752309436,0.4080409075
11631,0.7269327279,0.146007205,0.3993436901
11633,0.7248658146,0.1270042525,0.3863297246
11637,0.7236542669,0.1038131573,0.3480516362
11638,0.7315752578,0.1595061897,0.390985027
11642,0.778972131,0.1864882603,0.4044264423
11644,0.7293938771,0.1064145468,0.3728595732
11649,0.765095394,0.1906867147,0.4075880533
11650,0.7598693151,0.1449281238,0.3971925762
11652,0.7246936317,0.1733404784,0.3704644171
11657,0.6893178306,0.08792100664,0.360064943
11658,0.7127287112,0.1001964224,0.3738578208
11662,0.7135089959,0.1187255668,0.3596446333
11665,0.7238239501,0.131328808,0.3553058277
11668,0.7384670259,0.09444412282,0.3669986528
11671,0.7468262989,0.1725525433,0.407963154
11672,0.7339365588,0.1483778276,0.3977405225
11676,0.756371,0.1073091506,0.3894459196
11679,0.7716150074,0.1073019442,0.375728394
11681,0.7408170106,0.1084639415,0.3716589309
11684,0.7055118035,0.08043591965,0.3566950112
11685,0.7606845701,0.1724035614,0.3997991704
11688,0.7768228738,0.1968666664,0.3978388954
11691,0.7627679398,0.1731296693,0.3922233773
11697,0.7567936685,0.1731352116,0.4099085021
11699,0.7428964301,0.171215056,0.3934501704
11702,0.7156358241,0.09017882762,0.3327821335
11704,0.7691077614,0.1671751988,0.4025491719
11705,0.7578821815,0.1195383869,0.3810179245
11707,0.7612263831,0.2040546617,0.4070146732
11708,0.7303243147,0.1376352729,0.3897168681
11709,0.7529101825,0.1792978223,0.4061481721
11711,0.7683800723,0.1846293029,0.4040169718
11712,0.7006472794,0.08107955463,0.3388932124
11716,0.6781690109,0.07205492307,0.3479006592
11717,0.7936152703,0.1837439177,0.3836648274
11721,0.7774282891,0.1891473628,0.4143793382
11727,0.713427668,0.1016585894,0.3702077132
11728,0.7769616696,0.1748022478,0.3908396536
11729,0.7439366711,0.1070697868,0.3831631706
11734,0.7078636813,0.1361418028,0.3822205575
11738,0.7512048321,0.1747018928,0.401642211
11739,0.7570626536,0.2005987343,0.3997383764
11745,0.7565402661,0.1746288418,0.3953148822
11746,0.7178792753,0.1764791608,0.3868879706
11751,0.7453287397,0.1550505578,0.3898760729
11752,0.7444260106,0.1217795141,0.3925520415
11756,0.7365708018,0.1546749957,0.3832947722
