"Respondent","price","brand2","brand3","ff2","ff3","feat2","feat3"
1,0.566948729,0.9975604523,1.025775972,0.9298160784,1.043278432,1.009387978,1.071836395
2,0.5985807801,0.9657263494,0.9324394529,0.9350467355,1.044242322,1.028725193,0.8917660875
3,0.5896184219,0.9740449432,1.14980154,0.9995582979,1.266499229,1.083757645,1.004362697
4,0.5810446026,0.9088520776,0.8957106508,1.009351802,0.9731068729,1.076706404,1.115015284
5,0.4738190326,0.8437510156,0.9300954428,0.9621573267,1.005111823,1.028782752,1.005785667
6,0.553950394,0.9745341424,0.9676327153,1.009747206,0.9703597414,0.9401668656,1.087906142
7,0.4990158171,1.011829483,1.127411763,0.872690381,1.061439038,1.104289716,1.143581441
8,0.5350690847,1.022175475,0.9336683741,0.9697058338,1.122459625,1.092350139,1.084474814
9,0.5850992232,0.9527254778,0.9408592239,0.9644033071,0.9792106624,1.029226159,0.9648224421
10,0.5803113597,1.033008751,0.9562243498,0.8676904298,1.051928576,0.9164363123,1.102271881
11,0.5585123402,1.006963302,1.036492128,1.040969725,1.148168703,1.00947023,0.9721739457
12,0.4813711789,0.9261815304,1.029277064,1.020402271,1.007504611,0.8986821672,1.014640639
13,0.499441087,0.9006975447,1.111307167,1.119027806,1.144143602,0.9939462441,1.043674892
14,0.4959553098,1.044938255,1.021353631,0.9859207413,1.401512751,0.998105995,1.140298836
15,0.5270903045,0.852261515,1.114980795,0.9372397728,0.9589123733,0.9608445407,1.206845389
16,0.5365155449,1.0967797,1.031818231,0.9776208769,0.9390459278,1.044385599,1.093920824
17,0.4881306019,0.9222147847,0.9002928914,0.9160125878,1.053666503,1.119013548,1.067804967
18,0.5308705838,1.048389528,1.167415939,1.11182402,1.027243805,1.026539282,1.098207866
19,0.4995683951,1.023110505,1.044693516,1.040930955,0.8657632957,1.089946926,0.9621150135
20,0.5166949764,0.9441384997,0.9663407261,0.9390020691,0.8773182387,0.9027555644,0.984243038
21,0.5658499439,0.9160958699,1.179407317,0.9489634563,1.044793554,1.050288265,1.048757102
22,0.5287474511,0.8861069272,0.9628426762,1.019094576,0.9761786617,1.081217777,0.9808281943
23,0.5825027116,0.9914022787,0.8522765822,1.235664684,0.8822505816,0.9712279684,1.023632413
24,0.5982554551,1.123676657,1.141811938,1.216934747,1.044968095,1.041357001,1.138338647
25,0.5852062231,0.855545578,0.8992610637,1.04755194,1.022044933,1.096043198,1.085568413
26,0.4769548406,1.120081371,1.099334502,1.078734611,1.021356962,1.037655508,1.018847016
27,0.4533570718,0.9433552649,0.9394192986,0.8761246015,1.000487162,0.9069308743,0.8934652577
28,0.6088784819,0.988929477,0.9187347097,0.9448259065,1.032955424,1.123795624,1.11132022
29,0.4822744486,0.9495103915,1.106511896,0.809760947,1.006332402,1.10042192,0.9227890056
30,0.5136293102,0.9791830332,0.8752959166,0.9286734816,0.9668970779,1.013465198,0.939255722
31,0.513887809,0.9320345005,1.009682152,1.058347642,0.9798505398,1.012859653,1.015358003
32,0.5013223952,0.9859145585,1.103867095,0.9078037139,0.9506047997,0.9154542077,1.097313931
33,0.5324518784,0.940111596,1.070283691,1.033989895,0.9210799856,1.033767906,1.027846828
34,0.5104932225,0.9803511942,1.185719347,1.074279057,1.034564937,0.9694736001,1.000167686
35,0.4952167383,0.8730838825,1.021238023,1.043664954,1.082196956,0.9960210937,1.096498601
36,0.5973301608,1.034308701,1.275545167,1.072339812,1.128279039,1.076938815,1.154043645
37,0.6394972101,1.047918408,1.224191315,1.044313995,1.076364335,1.090281421,1.191990113
38,0.5837218164,1.064166101,1.224457851,1.036377052,1.051603309,1.107805685,1.072695991
39,0.4699878977,0.835329551,0.9840316664,0.8766604746,0.9546672804,1.051924981,1.011840834
40,0.5431907472,1.049804856,1.152905281,0.9869077112,0.9907946551,1.212461876,0.9574059792
41,0.5523950118,0.9602732683,0.9756798875,1.018055049,1.011794991,0.924219127,1.072007707
42,0.5672744295,1.11306088,1.036594152,1.071888056,0.9668553297,1.096298695,1.06338305
43,0.4997542577,1.047919771,0.956055007,1.017748293,0.9699884518,0.923235401,1.03343427
44,0.5897521825,0.9169605127,0.9509205403,0.9897043085,0.8717473719,1.005089725,1.007943643
45,0.5874315972,1.20269416,0.9760423995,1.187027001,1.065664567,1.168297451,1.007144534
46,0.5947394323,0.9450862467,1.205680426,1.18668048,0.9449794047,1.010425322,0.9234981549
47,0.5439670209,0.8621010053,0.9780488171,1.133084227,1.044227865,0.9913342212,0.9996882683
48,0.5104462546,0.9677904347,1.038387533,1.000168079,0.813867598,0.8868183979,1.002584287
49,0.606038743,1.018528067,1.145530327,0.9363810433,0.976401028,1.088794628,1.025723673
50,0.5648435568,0.9793642784,1.113885042,1.098027961,0.9173007125,1.165756505,1.025008495
51,0.5094920399,0.9924450062,0.9477578202,1.148525516,0.9987850487,0.9848460684,1.0078108
52,0.5856480339,0.9774027566,1.032729075,1.224386733,0.9268832378,0.9891376187,0.999034731
53,0.5965962658,1.042043999,1.119596047,1.094054842,0.9847774977,1.086308786,1.114697355
54,0.5723957962,1.00985846,1.072839532,0.9792731116,0.9397427651,1.08171218,1.157789619
55,0.5059906311,1.112779838,1.035791592,1.11077821,1.054460003,1.141714363,1.191707413
56,0.592908007,0.9851296204,0.8710127695,1.072420218,0.9826763891,1.041559349,0.9866040672
57,0.5183753519,0.9267035309,1.098138206,0.9426875829,1.118698069,1.097060988,1.093843804
58,0.5696043768,1.050225317,1.107724663,1.070089474,1.011989575,0.9935212232,0.9908219717
59,0.5397271986,1.048353441,1.136032082,1.061464888,0.9848223526,1.162424799,1.06980827
60,0.5481768457,0.9785609505,1.135387653,1.162368279,0.9821562755,1.089476356,1.050543552
61,0.5316182382,0.9793543417,1.091872203,1.168213636,1.027732631,1.120806106,0.9521087757
62,0.5645583754,0.8474131792,0.9052735062,0.9228256086,0.965656623,1.095792245,1.128018797
63,0.5475890673,0.862259393,0.9248536269,1.089657807,0.8931382886,0.913251449,0.9165287263
64,0.5765528214,0.8622487296,0.8534653117,1.102978839,1.046121211,0.9316859403,0.9619707747
65,0.5551276196,0.9027011341,0.9799018352,1.085199361,0.8967334859,0.9832682387,0.9523053221
66,0.5078944516,1.097706749,1.138445155,1.026530878,0.9302711698,0.9475342797,0.9187191864
67,0.5714643455,0.9302608554,0.9554989584,0.93021424,0.9652035336,1.095380633,0.9282022194
68,0.5216405082,0.9029097855,1.013609566,1.015853423,1.064693775,1.108678598,1.039211523
69,0.4877415876,0.9768995843,1.057218838,0.8567995873,1.16957373,0.9319013267,0.9272181714
70,0.5067903475,1.022809609,0.8768352656,1.016101035,1.013694434,0.9943602614,1.046747302
71,0.5161311386,1.030180376,1.106270497,0.9833943614,0.9452230766,1.083356257,1.130838699
72,0.485702946,0.8717080086,0.948394323,1.066294072,0.8823555203,1.023820289,0.98638703
73,0.5660185615,0.9333464844,1.008824338,0.8757969618,0.9428180554,1.04807961,1.010066732
74,0.5586607913,0.8394842936,1.079536536,1.14116141,0.9240040214,1.018103685,0.9269089519
75,0.5134051391,0.9158834307,1.031366484,0.9907505405,0.930221507,1.05933981,0.9580642209
76,0.6620002118,1.201703035,1.187851138,1.170243154,1.178214253,1.208055343,1.162822705
77,0.5442600093,1.000952021,0.9851304662,0.9912034416,0.9516529101,1.059230342,0.9591708639
78,0.5289113882,0.819106833,0.9894461804,1.00173958,0.8911226869,0.9137865636,1.040943244
79,0.5838684754,0.8830904124,1.011255007,1.018176131,1.006611647,1.044778866,1.009981276
80,0.5546148679,1.03225399,0.8252337497,0.9788579637,1.066628626,1.010240281,1.009141535
81,0.4954839314,1.032053981,1.009609765,1.112992161,1.035480913,1.022232532,1.039169573
82,0.5412067107,0.9405622129,0.8969837649,1.038883735,0.8410600747,1.001211643,1.039828258
83,0.552027287,0.9984435903,1.033067729,1.003801469,1.049506616,0.959836455,1.193720467
84,0.5979051196,0.9743385027,0.9997288954,1.055838312,1.050969695,1.141730792,1.147644301
85,0.5964094912,1.100651067,1.018190014,1.052258763,0.8413441058,0.9844918795,0.8871435741
86,0.5793635288,1.027122548,1.065219152,1.1719971,1.078221233,1.17953516,1.123938718
87,0.539648708,0.8944113948,1.003591998,0.9490469507,1.017869482,0.9678897273,0.9582967554
88,0.561597237,1.14541504,1.161541777,1.013086298,0.9664428564,1.067074616,0.9180489227
89,0.5547042133,0.8572984662,1.085697527,1.239081486,0.9858441501,1.037098464,1.099553861
90,0.5499577926,0.9956245358,1.228079151,1.017792728,1.090994054,0.9860795186,1.061402086
91,0.4506021415,1.032971695,1.013053934,0.8604194214,0.9780525585,0.9346996932,1.109636113
92,0.5735082868,0.9620343083,1.139539769,1.124010221,1.019126317,1.142176772,0.9835128647
93,0.5728058218,0.9325298487,1.161486704,1.04171882,1.039983881,1.005991602,1.193086093
94,0.5728350849,1.096106562,1.128050983,1.097617937,1.134439127,1.103823539,0.9841508985
95,0.5936883542,0.9590210607,1.067567155,0.9872640686,1.047071689,0.9987995801,1.023346607
96,0.5574157315,0.9161585545,1.103441001,0.8938954732,0.9526862182,0.9839908158,1.031943522
97,0.52079383,0.9182859628,1.048615881,1.177826759,1.042850845,0.9722857746,0.9961384509
98,0.480093205,1.10461005,0.9663141615,0.9060355942,0.9289553116,0.9906503661,0.912439303
99,0.5618481037,0.9723339941,0.9991899363,0.9511639579,1.057056955,1.038158559,1.123576509
100,0.5330683798,1.08179974,0.9493558942,1.04914187,1.015272346,1.023833196,1.183969946
101,0.5341497739,0.9954275384,1.107795033,1.079149129,1.093421048,1.143027825,1.099673626
102,0.5654865211,0.9902049261,0.8517379736,0.9174743605,0.9035525962,0.9256104357,0.9208482877
103,0.543490926,0.9784902919,0.9032837551,0.9771330943,0.8947502469,0.9053719416,0.967292688
104,0.5345912392,0.9219518242,0.9139415379,1.087324135,0.9145893101,1.005077585,1.008041872
105,0.5984077247,0.982444207,0.9966935969,1.116676832,1.105497825,1.028701434,1.070391611
106,0.5756512036,1.101804998,1.00631062,1.189763735,1.029843704,1.060215868,1.043546196
107,0.5147620648,1.028839785,0.9906615219,0.9692508254,0.9694371545,0.960818661,0.9929461103
108,0.5494980824,0.9402901003,1.106928623,0.9847929015,0.9477764594,0.9856954175,1.026683069
109,0.5634622722,0.9184036457,1.018590661,0.9671076711,1.025029937,0.9228987405,1.124252691
110,0.6001722488,0.9819027525,0.85148748,1.13496641,1.018801409,1.087673038,1.121062337
111,0.5373810915,0.9442468406,0.8898557222,1.136608691,0.9300670851,1.027286108,1.101870107
112,0.5653457688,0.9451806693,1.12367706,0.8920040313,1.084281216,1.115104033,1.155044402
113,0.5249038243,0.8918727817,0.9987642698,1.095819632,0.8933880927,1.080026085,1.068803227
114,0.5363862324,0.9148207252,0.9780647786,0.8718603951,1.033760009,0.9191861156,0.9070150958
115,0.4537459336,0.8705470588,1.056218032,0.9422512087,0.8751963712,0.8936264917,1.110986829
116,0.5823942737,0.9674420779,0.9451638615,1.190509675,1.010562749,0.9281300608,1.083352767
117,0.5785778983,0.9716262947,1.173652942,1.030733115,0.9958186272,1.099254322,1.130913724
118,0.5273874836,1.014890436,1.097286298,0.8277854692,1.072655611,1.073092308,0.8763803822
119,0.5602038512,1.051845816,1.071899026,1.051541125,0.9720558219,1.074444872,1.024982004
120,0.5332778156,1.073207979,1.07729551,1.088306,1.097459421,0.9715030734,1.093577465
121,0.5461114806,0.8216057031,0.936975951,0.8847716111,0.9369449166,0.8867652283,1.204965331
122,0.5197101839,0.8631767978,1.183959017,1.020562733,0.9079206636,1.076108897,1.020521381
123,0.5918435343,0.9895279087,1.159534543,0.9819013822,1.103697565,1.20918902,1.082874995
124,0.5604790499,1.06058378,1.035215475,1.111561333,0.9102884244,1.112600169,1.085579023
125,0.5058806608,1.001047223,0.9448366508,0.8653496373,0.9091230712,1.009302814,0.9815080718
126,0.5664997207,0.8969220039,0.9696339856,1.018912829,0.9041464879,0.9533367863,0.9775910542
127,0.5012989178,0.8228764964,1.09122631,0.8688502052,0.9817185045,0.9663594425,0.9566657301
128,0.5231153729,0.8385930507,0.9439274229,0.9496688442,1.029780346,1.066578582,1.051709317
129,0.5517142588,1.039634158,1.106315384,1.045327363,0.9885584675,0.9999406431,1.001729861
130,0.580160283,0.9695777047,1.319389281,1.051653654,1.102471377,1.074292588,1.131129682
131,0.5195898368,1.02724806,0.8315036391,0.8705846473,0.9077827957,1.066406871,1.017616552
132,0.4958333069,1.113200326,1.031452378,0.9893569538,0.9973298244,1.072116543,1.128456284
133,0.5786784815,0.906035137,1.118119146,1.00734989,1.010535843,0.990007286,1.043533565
134,0.5022156771,0.9468017665,0.896613524,0.9309170127,0.887557762,0.9463177518,0.964599733
135,0.4782468061,0.9218844046,1.08251059,1.09751015,1.048288343,0.9549851964,1.027944762
136,0.5268049578,0.9463996034,0.9367797291,1.209563536,0.8517100073,1.0330271,1.132472453
137,0.5919756441,0.8684431155,0.8774328249,0.9199472235,0.9486395989,0.9099749759,0.9574445226
138,0.480183254,1.006666588,0.9498214796,0.9480534163,0.9726304236,1.012370077,1.096321895
139,0.5712590272,1.161051659,1.222128107,1.112121161,1.046297741,0.9766429979,1.022272099
140,0.5817284887,0.936232008,1.142709953,0.9787477535,1.0565648,1.106706919,1.049683435
141,0.4416401597,0.9638029232,0.9733138165,0.97579268,1.001312022,0.8894164574,1.011733123
142,0.5969536231,1.104502862,1.135735888,0.9349322008,1.128055647,1.106950923,1.135788333
143,0.5278782764,0.9539485223,0.8624702504,0.9536598055,0.9326302,0.9444802848,0.8798692298
144,0.5963955722,0.9794031938,1.039363728,1.025826671,0.9753978564,0.9508918469,1.001328954
145,0.5267736709,1.172294674,1.126713816,0.9692306132,1.013688229,1.10366616,1.059540345
146,0.5085284462,0.9850230233,0.9629443243,0.9591691821,1.028925196,0.9132518174,1.08068563
147,0.5664813399,0.9854262141,1.036778725,1.000483847,1.03958999,0.9539822694,0.986261789
148,0.565312786,0.9203544625,1.027787008,0.9297826074,0.9338842059,1.002097055,0.8996397334
149,0.4878911257,0.8906091429,1.050751146,0.9981881351,1.027633699,0.919693047,0.9544832472
150,0.5801351421,0.8625263157,1.05324654,0.9043446517,0.9975916085,1.049332975,0.9343412126
151,0.593853981,0.9246029338,0.9176945528,0.8291140877,0.898971148,0.8645606515,0.945746607
152,0.5445911135,0.9435499054,1.037101923,1.05274166,0.9272862539,1.003818195,1.02104168
153,0.5051642503,1.087410964,1.128385855,1.002835339,1.029458319,1.007710277,1.065421724
154,0.6132787712,0.9992641115,1.012211669,1.033695287,1.09393149,1.018800849,1.122576875
155,0.528244928,0.8343637719,1.000242802,0.8972468852,0.974219587,1.023604078,1.039236003
156,0.4420347752,0.931533753,0.9701208339,1.085577709,1.014406907,1.255338133,1.133117468
157,0.5769580539,1.107174668,1.056165987,0.9682714155,0.9764194341,1.007994168,1.167147875
158,0.5368475667,0.9669506257,1.106632506,1.030083978,0.9642152292,1.025901352,1.061309304
159,0.5583035216,0.9786422778,1.032982797,1.104110225,0.9389446674,1.014929277,1.085268341
160,0.525489621,0.9113270682,0.9509955105,0.8767542918,0.9711303255,0.948949805,1.111464386
161,0.4904198947,0.764629273,0.9704177573,0.8805899592,1.006017214,0.9023626859,1.04601448
162,0.5139440892,1.016105441,1.25592188,0.979946136,1.01554947,1.092969363,1.014792372
163,0.5373325268,0.995579866,1.114175854,0.8704412254,0.9634697887,0.8950800321,1.025414823
164,0.469502987,0.9479735627,1.224772245,1.024135851,0.8436953389,1.007758192,0.9570282281
165,0.4699488304,0.9048681908,1.018755962,1.114858249,0.9088145918,1.003965975,0.9271876703
166,0.5187699751,0.9519050647,1.08659348,0.8948807358,0.9405401774,1.081943691,0.9657139317
167,0.5767047395,1.01513644,0.9489425096,1.104788484,1.079684253,0.9928723296,1.066633201
168,0.6266705198,0.9306653698,1.159503152,1.240843997,1.098612178,1.065153074,1.090967558
169,0.5841696771,0.9639751094,1.062461987,1.083145906,1.053582604,1.055934228,0.9985910395
170,0.4332056395,0.8843538079,0.9686690998,0.9438639597,1.008580679,0.8883650652,1.062751205
171,0.6021077261,0.9676097533,0.9953305373,1.031953775,1.010813486,1.135219003,1.138008163
172,0.6190423078,0.9923010881,0.9689993513,1.149002025,1.062652332,1.084308113,1.023687843
173,0.5839053499,0.8400318012,1.072904075,1.032557977,0.9814575219,1.008578742,1.060161182
174,0.4957240306,0.8713724803,0.8966571931,1.065723026,0.9662664416,0.9665827182,0.9338374991
175,0.5316028126,1.079386784,1.00408693,1.038848017,0.9461264987,1.048827743,1.023700799
176,0.561405004,0.9010597711,0.9948583691,1.040221137,0.823911823,0.9880388934,0.9306901031
177,0.4714472375,0.958811932,1.044704408,0.9885154438,1.015911478,0.9592444414,1.070543875
178,0.5572368362,0.9793659478,1.033165974,0.9912427054,1.08121941,1.131681728,1.090058155
179,0.525848743,1.020678102,1.138463476,1.069228921,1.005636343,1.03057957,0.9641882273
180,0.5659134561,0.9916748456,1.200374091,1.10506687,0.9728334239,1.30548608,0.9771579615
181,0.4926608545,0.941826818,0.9988672238,0.8977237947,0.984124882,1.015207474,1.045973575
182,0.556836455,1.026822975,1.057278983,1.036925343,1.004233083,1.204841363,1.067644757
183,0.463239815,0.991247774,0.9318951717,0.9772893938,1.015122078,0.9252060811,1.035298608
184,0.5772210036,0.952834863,1.065808485,1.114820546,1.016208524,1.126834722,0.9964539368
185,0.4117757606,0.8532069827,0.9102021671,1.015751081,0.9054468272,0.9737827698,0.8727412936
186,0.6200827843,1.014277231,1.146372467,1.093170886,1.043440291,1.209247903,1.073824883
187,0.589181371,1.030589316,1.016770542,0.8760106239,1.180547321,0.9788528623,0.9741446695
188,0.5891584478,1.055322244,1.027126488,1.149487004,1.044354338,1.076242086,1.135296797
189,0.5837397925,0.9456952588,1.09239338,1.137910629,1.201951953,1.121898849,1.195451642
190,0.5325707058,0.8576942461,1.039854652,0.9051530264,0.8686229712,0.9292444649,1.064291301
191,0.4616940724,0.9531223837,0.999517564,0.8328168334,0.9853483574,0.8419357794,1.000515477
192,0.5181920731,1.009303047,0.9258494365,0.9178656796,0.9793334913,0.9195965349,1.002590562
193,0.5498628132,1.1245333,1.095831838,0.9608696271,1.121438362,1.170411276,1.080740843
194,0.5647312875,1.070713121,1.003785423,0.8748413239,1.042127272,0.9191536346,0.9422513763
195,0.5236309064,0.9340717184,1.144302548,1.209978012,0.939360455,0.8867843133,1.138968263
196,0.5439017426,1.130650724,1.101455404,1.0381423,1.169675626,1.095008482,1.125838831
197,0.5481100301,0.9796891501,1.226084067,1.287319851,1.017564849,1.178356746,1.122554986
198,0.4799614503,0.9389140358,0.8966609123,0.8408677281,0.9725071307,1.021613548,0.9706641377
199,0.5450757342,0.9782181694,1.182513877,1.232668813,0.9459524154,1.073341075,1.000509159
200,0.5720154451,1.226043443,1.035098203,1.055285897,1.11651849,1.129315008,1.084477155
201,0.4966267693,0.9909306264,0.8670135533,1.007042343,1.043881806,0.955485144,1.003003307
202,0.6165053983,1.094440174,1.048882055,1.002932862,0.9538924554,0.9990697156,0.9474561454
203,0.5771441322,0.8903361636,1.155866884,0.8997950631,0.9767648528,1.052010825,1.007630983
204,0.4998478917,0.8453436412,1.16275824,1.085003263,0.9505855884,1.025917495,1.028332038
205,0.5283086736,1.004412127,1.129692224,0.9257755666,0.9215282566,0.9083265243,0.9853570699
206,0.5144812927,0.9919110628,1.023729841,0.872018846,1.258596229,1.063646171,1.028088242
207,0.5653530226,0.9460321983,1.19053325,1.033994673,1.046477249,1.184624968,1.085934618
208,0.629824639,1.019523787,1.143324435,0.9727182615,1.097473983,0.9590000867,0.9798302551
209,0.4887258146,1.010944432,1.142532122,0.8206712069,1.050287841,0.9848248876,1.056558027
210,0.5995621862,0.9044505962,1.168592224,1.018570508,1.123020662,0.9238227126,1.020566352
211,0.5252371732,0.9915400292,0.9002780868,1.138254348,1.000815405,1.049473629,1.02384148
212,0.549055901,0.9949311737,1.050468175,0.9947586063,0.9827960278,1.026132955,1.033206287
213,0.5210182117,0.9290491885,1.072654834,1.02777505,1.017072812,1.086538833,1.027337721
214,0.4522871002,0.992498339,1.020039455,1.001092579,1.002616146,0.9935685846,0.9356103915
215,0.5563987745,0.8265897052,1.061827614,0.9005553526,1.002188266,1.026283348,1.067292613
216,0.570866937,1.098320227,1.192821279,1.030100191,1.153625725,1.105087328,1.079300833
217,0.6356841177,1.104372063,1.10869045,1.126752957,1.127266398,1.162284556,1.130743142
218,0.5405452287,0.9343718612,1.051890045,0.954275032,1.094758353,0.9827797597,1.133014986
219,0.4982842203,0.9650418996,1.022781288,0.9320681385,1.05613631,0.9390609186,1.081610078
220,0.5708003641,1.030761513,0.9756828784,0.9605529643,0.8620199764,0.9486627235,0.9572245095
221,0.4953628968,0.9063652116,1.024406859,0.8850544968,0.9234448958,0.8992476821,1.052163782
222,0.6151018487,0.8505872577,1.063648993,1.076779187,0.9957613513,1.073086919,1.034674566
223,0.5257321107,0.950429165,1.048890869,0.9176014582,1.02910347,1.077397872,1.04778187
224,0.5484739745,0.9245273188,1.052457,0.9934785108,1.015779978,0.986639493,1.065990957
225,0.534764915,1.064047635,0.9745778903,0.9823508598,0.980270152,1.001994443,0.9778985537
226,0.5541397559,0.9842460436,1.011038417,1.020248302,1.017892974,0.9280181281,1.000238764
227,0.5581204537,0.8166474351,1.014415719,0.917714514,0.8512036836,0.9626494043,0.853623879
228,0.6325510581,1.034006579,1.155582704,1.209115716,1.119447268,1.074519928,1.037309832
229,0.4887274586,0.8475840001,0.9101967362,0.9031146271,0.9532918172,1.036350843,1.154326998
230,0.5123666114,0.9734447728,1.012389517,1.207746631,0.9167882379,0.9406609495,0.8979578785
231,0.5027662058,0.9350877601,0.9353973369,0.9083687716,0.8542939224,1.010691747,0.9840595052
232,0.5233302782,0.9692885954,0.97527761,0.8718050422,1.050769448,0.9374970172,1.103937102
233,0.4963550433,0.942696249,1.017698598,1.036165302,1.01085485,1.182471537,0.9090663807
234,0.5328981275,0.8391670917,0.8710177613,1.023019554,0.9150885076,0.9750217756,0.9198675173
235,0.5037914735,0.949786273,0.9025258159,0.9752466492,0.9014195919,0.9637212806,1.045768696
236,0.5083672869,0.9807680129,1.017353198,1.009764573,0.9271393001,1.171263021,1.093950953
237,0.567493243,0.9988263022,0.9280532057,0.885246295,1.072295029,0.966260998,0.9493148679
238,0.5725056225,1.038257947,1.013304446,0.9844790909,0.8999862825,0.9748348662,1.076057501
239,0.5285336157,1.004166588,1.076965633,1.00688443,0.8945235202,0.9513454023,1.004918204
240,0.613605968,0.9802789384,1.249364702,1.00104879,1.000410861,0.9330655788,1.05363333
241,0.5127244391,1.051793792,0.9293250651,1.221852541,1.053206318,1.043409178,1.033402889
242,0.5552033827,0.9296023578,1.113365565,0.9862200648,1.047527345,1.004062331,0.9547155378
243,0.6180098977,0.9489542024,1.156705598,0.9666753731,1.006182486,1.112038128,0.9596025377
244,0.5347791414,0.9110545919,1.051317461,1.023091747,1.003371861,1.064739751,1.068707289
245,0.4968226793,0.9877148908,1.05853855,0.9219768558,0.9223178169,1.046738685,0.9955786933
246,0.5414549536,1.015322599,0.9672344315,0.9925715829,1.043655912,1.006426612,1.11981039
247,0.4656906472,0.8958843121,0.9226737587,0.8801012945,0.986005577,0.8980658616,0.8053490714
248,0.4922969802,0.8926744049,0.8945439807,0.984551825,0.8302966105,0.982143188,1.040597983
249,0.5951240042,0.9712628153,0.9144252684,1.021936886,1.008442595,1.08500732,1.004396592
250,0.6069470689,0.9772702127,0.8947088123,0.9474520592,0.9439654129,0.9812874222,0.9655802935
251,0.5077765052,0.837233837,1.170047537,0.9121807064,0.8656325309,1.046694212,1.062238662
252,0.5846926253,0.8910992312,0.8644656909,0.9526018621,0.9999205205,0.9733196186,0.8306743068
253,0.5633496991,0.9940699372,1.005971555,1.011457511,0.9262579748,1.045855005,0.9407543836
254,0.5473462092,0.7893797826,0.9720687801,0.8954995153,0.9602648118,0.9415756336,0.8860957699
255,0.549229111,0.9997014673,0.9630432845,0.9670797122,1.016993942,1.014052332,1.02547308
256,0.607561397,1.074324042,1.052871063,0.9926791681,0.8552489181,1.048250391,0.9555024836
257,0.5069324651,1.203650441,1.157360744,0.9752648847,0.8842434498,0.9372748265,0.9652553485
258,0.6363546075,0.9760809665,1.03119807,1.001265794,1.027650357,1.049724084,1.033924702
259,0.5661875346,0.8789755972,0.9826501125,1.075667092,0.913268291,1.004200993,1.001408227
260,0.6135466982,0.9476942708,1.188373775,1.117147687,1.209089057,0.990290486,1.113401547
261,0.518399159,0.9758224122,0.9425351706,1.026221343,1.077200067,1.030995547,1.019137727
262,0.5598573393,1.128515007,0.9293378885,1.09421368,0.9424361938,1.085825291,0.8932196025
263,0.534181151,0.8912682282,0.9245782097,0.8775806275,0.8619465214,0.9306490325,0.99063432
264,0.5807061515,1.077931774,1.102986346,1.161054006,0.9980149724,1.112421113,1.078767722
265,0.5713540456,1.036004948,0.9955177645,1.009488633,0.8764737799,0.9536064002,1.007367266
266,0.5783079783,1.070259722,1.146704266,0.9695396519,0.9547294731,1.007994107,1.11886651
267,0.4859172966,1.074656475,0.9188747931,0.9375004165,0.9429521775,0.9232280611,0.960766189
268,0.5143574791,0.8460327333,0.9362641219,0.9213077314,0.9143559437,0.9898194107,0.9447241039
269,0.6655513976,1.076360625,1.071293996,0.973819523,1.01863469,1.133795516,1.006395125
270,0.5978271644,1.189023833,1.004585528,1.124459107,1.130231156,1.088385267,1.076546625
271,0.5038572884,0.7960495251,1.259413591,0.965582917,0.7999774606,0.9078566639,0.8907334139
272,0.5187469665,1.082071813,0.9893681413,0.8575597615,0.9319797666,1.014764812,1.167293073
273,0.5531808257,1.052437179,1.116943656,1.092342233,1.072312789,1.135239477,1.16183356
274,0.5215167679,0.9632128125,1.199306139,1.060188856,1.0134604,0.9319620468,1.064622488
275,0.5058833005,0.9229200392,1.024999862,1.046309959,0.8968804155,0.9592987176,1.076831136
276,0.4848823832,0.9469385801,1.012474276,1.010259133,0.8643933732,1.050822799,1.068013482
277,0.602810806,1.011852154,1.0663086,0.8849521533,1.017854241,1.057176297,1.0515975
278,0.5714558218,1.049605596,0.9635042344,1.056500406,0.9695841022,1.049209248,1.083849811
279,0.5804428781,0.8602187453,1.024055227,0.9728040211,1.063744328,1.071599267,1.064944007
280,0.5596429647,0.9602620936,1.088966691,1.095237261,0.9465173656,1.056663777,0.903195244
281,0.6043342912,0.8723326799,1.119287233,1.046725235,1.104332979,1.084424493,1.010672648
282,0.4930985635,0.9523483595,0.9601357145,1.030664831,0.8942136701,0.9280300017,1.099703646
283,0.5925111201,1.014732364,1.075212287,0.9901074062,0.9948034927,0.9889841854,1.041881632
284,0.5952238775,0.903744374,1.100182738,0.9543463702,1.043910655,1.119068793,1.045093529
285,0.4754491534,0.955621886,1.162347246,1.134807092,1.034531749,0.9891808273,1.180255379
286,0.5132321077,1.008270342,1.137737621,1.018604461,1.026170763,1.034884858,0.9810061829
287,0.5191636158,0.9497920833,1.034587173,1.056737512,1.129625863,1.031816359,1.079417721
288,0.6191547007,1.007794698,1.053480646,0.9086277847,1.002166104,1.031206278,1.220463327
289,0.5267655316,0.9477696213,1.019625497,0.9658339008,0.9788160318,0.983644952,0.9977187228
290,0.5968235649,0.9950437017,1.179765963,1.050762428,1.04814149,1.118116519,1.201281077
291,0.6040381827,0.9417097145,1.031784346,0.9047006428,1.063371237,1.140583118,1.052436903
292,0.5953796092,1.043866681,1.027348445,1.247494012,0.9527998637,1.226153283,1.144863867
293,0.5193223071,0.8768924248,1.147512829,0.9435132667,0.956440437,1.006102719,1.035127367
294,0.5164463209,0.8564872018,0.8890763502,1.041955081,1.026463686,1.022233012,1.117780134
295,0.4996915612,0.9387350113,0.9355420084,1.018627466,0.9910192706,0.8771467982,1.009593013
296,0.5167855946,0.908845902,1.051388038,0.9625397326,0.9830342181,0.9011735838,1.046406534
297,0.5381766722,0.9229654591,1.065406901,0.9370968787,0.9749291262,1.088205784,0.9718676323
298,0.5813314815,1.126534814,1.003707381,0.9289714439,1.052696991,1.039269129,1.041748826
299,0.6139966599,1.033070392,1.011538074,0.9825624073,1.05180525,1.075206558,1.076443192
300,0.5804958528,0.9206517742,0.8810813475,0.8474697897,1.000857299,0.9825135123,1.106826082
301,0.5272757885,0.7933941086,0.8567185361,0.9202070802,0.8613938703,0.9874428434,0.9438972403
302,0.5684030643,0.8989241697,1.050588691,0.9645790346,1.06400522,0.9816095545,0.9388210991
303,0.4423011737,0.8297448146,1.018974136,0.8372747521,0.7945245761,1.089058494,1.020304194
304,0.5712297574,1.000577083,0.8906472846,0.9890675604,1.06606971,0.9776211084,1.085603996
305,0.5804825001,0.9183789847,1.137383006,0.8880986821,1.041480431,0.9942140005,1.025590649
306,0.5624143367,1.105701161,1.150123101,1.110440476,0.9620961263,1.072415741,1.076788025
307,0.580279013,1.060600846,1.129027619,1.070504489,1.114823921,1.102577345,1.048890949
308,0.5999062604,0.8746273451,0.9503700713,1.113938053,0.9918835611,1.015554799,1.02243399
309,0.5197071279,1.055831512,1.255923466,1.059813116,1.073054681,1.019776018,0.9929082404
310,0.5132396278,1.03871754,0.8741492575,1.049164991,1.015292072,1.002322043,1.111733052
311,0.5320603192,1.129136745,1.048836478,0.9821524894,1.024358222,1.126906274,0.9843387726
312,0.5850707808,1.060148266,0.918226259,1.040280837,1.109270575,1.14564759,1.023919722
313,0.5520903596,0.8981461105,0.9199287717,0.8818126496,1.036021878,0.8752763875,0.9005207458
314,0.4809081467,0.9536647611,1.170911971,0.9013655139,0.99118481,0.9772173363,0.9728758201
315,0.507095965,0.9557817418,0.9598812949,0.8892349048,0.9935742267,1.039593308,1.018726179
316,0.5772751261,0.8903326503,1.192436713,1.012865078,1.050014721,1.08061969,1.088200598
317,0.5410299877,1.004671796,1.061998969,1.140813539,0.8666509606,0.9813782994,1.07407295
318,0.5080429206,0.8959080077,1.001677834,1.057180971,0.9234695941,1.102987682,1.040707038
319,0.5691562697,0.9768175766,1.018825582,1.128590374,0.9804064122,1.054404206,1.142412064
320,0.5625355886,0.9859049642,1.024373882,0.9379799142,0.9905054567,1.090200738,0.9783377645
321,0.582303951,1.029412064,0.9711937432,0.9753343318,1.0051212,1.018932501,1.017995077
322,0.5213708377,0.9636329057,0.9926511217,1.018013705,0.9857845363,0.8901493263,1.020638694
323,0.577425559,1.120721992,1.188831892,1.253074776,1.136095341,0.9927002227,1.121196742
324,0.5785604877,0.8889571769,0.9342161216,1.184463165,1.061380412,0.8866240493,1.025728784
325,0.5511231502,0.942691281,1.036340057,1.144157402,0.9086781245,0.9099730957,1.074806696
326,0.5940701273,0.9519525644,1.14060312,0.9182230413,1.111911053,0.997187475,1.12561522
327,0.5541988338,1.081186006,1.14650138,0.9876490957,1.141462276,1.058656288,1.03758139
328,0.5761362712,1.058435893,0.9491882602,1.023695744,1.005244197,0.8627467317,0.9736749915
329,0.5960693505,1.157189442,1.238453902,1.151097996,1.117644853,1.027531505,1.095057529
330,0.5919608423,0.8205465187,0.9345284151,0.9922192791,0.8137529212,0.9841802393,0.8871145257
331,0.4875388435,1.102016841,0.8959535556,0.9709585241,1.051532273,1.147741157,1.069888656
332,0.5248020561,1.045974296,0.9605527573,0.9622135906,1.030460652,1.014277621,1.123550969
333,0.5619340061,1.013325144,0.9082711904,1.028387966,0.9400708117,1.020112197,1.034713735
334,0.4948873528,0.8614166469,0.9107417359,1.034391311,0.8082416112,0.8991271785,0.9568206618
335,0.5134393597,0.9046836566,1.130324007,0.9341417484,1.1074954,0.9504782756,1.087738115
336,0.5237547016,0.9630154045,1.072345477,0.9741978851,0.9980172402,0.8932303003,0.9995060574
337,0.5593825655,0.914026809,0.9532171528,0.8748815855,0.9416014777,0.9639936544,0.8827231107
338,0.5772657259,0.9514666175,0.937869957,1.04344519,1.035502998,0.9660879873,1.019253398
339,0.5212513519,0.9604226643,0.9705100791,0.9379247226,1.15699035,1.120253666,1.032586737
340,0.4659803476,1.006178484,0.9530734252,0.9845695286,1.004813932,1.00448783,1.057902994
341,0.4886426299,0.9420213928,1.011461957,1.090074552,1.054753145,0.9616622378,1.048732367
342,0.4654666531,0.9213258193,0.9238358243,1.07494774,0.9562415456,0.9669496044,0.9894681186
343,0.5470719934,0.9899560676,1.047342543,1.075950133,1.092636716,1.023127513,1.182101493
344,0.5507665459,0.9663057721,1.132348306,0.9617652239,0.8425724971,1.032877398,1.02960135
345,0.4885772169,1.068972846,1.080208366,1.082516844,1.074901894,1.096246371,1.164885728
346,0.5930355767,1.00594731,0.8682400318,0.9936206504,0.9916854081,0.9204133253,0.9941618837
347,0.5561885207,1.02452113,1.10940167,1.001185096,1.084756351,0.8897038458,1.112589556
348,0.6031133208,1.101618729,1.108416048,1.218949752,0.9034563629,1.042650748,0.9549332859
349,0.5356900303,1.06440742,1.066442165,1.057458623,1.023196475,1.086710946,0.9583568797
350,0.4853112117,0.9525849486,1.103553613,0.9522621429,0.9384040697,0.9632406032,1.047067887
351,0.5662272271,1.035368405,1.135011516,1.087543209,1.13016019,1.144285903,1.1755493
352,0.5213639602,0.8646470334,0.8519266602,0.8897522961,0.9243469834,0.9268718162,1.11900086
353,0.554768388,1.013859606,1.20311283,0.899758807,1.034564932,1.108915144,1.072676557
354,0.5365241674,0.9301363355,1.073670318,1.169526002,0.9163010841,1.044217949,1.226435631
355,0.5859270191,0.9527673513,0.9560179283,1.08194928,1.001298929,0.955536069,1.083438018
356,0.5227335716,0.895493848,1.15489548,0.8906788401,0.9038892939,0.8963046573,0.9482440794
357,0.5073204791,0.8941253845,0.8484662474,0.8502343638,0.8659951409,0.8996686536,0.9388650819
358,0.6060511657,1.040445538,0.9762255991,0.9515813997,0.9478447987,1.009215686,1.043989752
359,0.5872708236,0.9886006141,1.02188463,1.063009633,1.068352912,0.9712473662,1.038423391
360,0.5691623786,0.8059855253,0.9320921702,0.9734256674,1.00656743,1.028075787,1.04366921
361,0.5758423075,0.9728718536,1.104488307,1.036768005,0.974830972,0.9177777654,0.8646472711
362,0.4954990773,0.8791680621,0.8738071743,0.9070655464,0.8970151796,0.9286292805,0.8519278866
363,0.5528351273,1.012644597,1.011734679,1.175970317,0.9502575982,1.154196789,1.115528827
364,0.5924181881,1.014450021,1.105354617,1.010398616,0.8448815875,1.029658296,1.052642383
365,0.4968022854,0.936969056,1.238947607,1.008971488,0.9566314736,0.9533276669,1.010653308
366,0.5568021809,0.9499378858,0.9763271948,0.8817181187,0.978572281,0.9920815934,1.128158037
367,0.5804500564,0.9266594473,1.06115486,0.9318646336,1.082889427,1.031496363,0.9929332045
368,0.5085488203,0.8897660761,1.077729494,0.9996268903,0.9147732922,0.9993797377,1.046502928
369,0.5863059107,0.9516802929,1.266511232,1.078119187,1.108036088,1.072269484,1.031703153
370,0.5378703754,1.143921826,1.026985829,0.8636268804,1.058711744,1.0294946,1.179246005
371,0.4893777104,0.9878190404,1.102516734,1.011898409,0.959525761,1.067228608,1.090936698
372,0.6061924028,1.073884887,0.9861111836,1.1985504,1.204529585,1.21881925,1.095780082
373,0.4992739564,0.9348226483,0.9898344836,1.132891119,0.9478161111,0.9287092044,1.021111551
374,0.550469073,0.8876868146,0.9905890505,0.9248484443,0.9014239,1.003892156,0.9684109531
375,0.5288243898,0.9545039999,1.016131437,0.9825534249,1.000089484,1.036250273,0.9641866447
376,0.5369771141,0.8881795674,1.113614964,0.9067807913,0.9135633665,0.9741425735,0.9324605445
377,0.5639618722,0.9306446415,1.018343489,0.9047094743,0.9267063832,1.035036975,0.986980697
378,0.5830912531,1.078206759,1.198654523,0.9732225551,1.117786234,1.093275552,1.059988916
379,0.5312926729,1.002363962,0.9154234805,1.041388717,0.960667746,1.035772647,1.112081583
380,0.5666033018,1.038936694,1.171739678,1.165998596,1.040808878,1.133096083,1.046082311
381,0.5136915587,0.8759924731,0.9007968336,0.813848989,0.9276976309,0.8268043671,1.089059016
382,0.5180416906,0.8573545432,0.9096423267,0.9709157863,0.9463466314,0.9922615948,0.9034100783
383,0.5179518243,0.9304533803,1.097177229,1.036117539,0.9416394174,0.9462152177,0.9953168238
384,0.559238416,0.8495531118,1.05528603,1.070667289,0.9900727541,1.016046981,1.060359054
385,0.5253022712,0.9038251117,0.9564187254,0.9132745582,0.9116658237,1.143539645,0.9569551565
386,0.5379895788,1.014432824,0.8649039597,1.046479732,0.9306598117,1.070818373,1.055480448
387,0.5895884383,0.9787538186,0.9945814195,1.08165876,0.9903761151,1.027730482,1.029258833
388,0.5360978113,1.171825604,1.05463215,1.230415119,0.961793377,1.133627995,0.9635414439
389,0.5446140772,0.9938939358,0.9632167573,1.022281816,0.921547461,1.062179245,1.089811365
390,0.5689554532,0.9421312361,1.00765082,0.9149909911,1.028697371,0.9966976873,0.9998151597
391,0.5441804255,0.9258729942,1.036802787,1.056221864,0.9563607348,0.9982255145,1.058792988
392,0.5246542238,1.107342859,1.082234631,0.9770738853,1.065186552,1.045495587,1.038800782
393,0.5297300895,1.032675078,1.169890005,1.026782121,0.9798935592,0.9632466652,1.24842212
394,0.5691538249,0.9985798089,0.9998267692,0.887750505,1.076635258,0.9851464539,1.140280243
395,0.5434484683,0.9589772684,1.091453514,0.980781517,1.087735302,1.04762502,1.002466608
396,0.6083118694,0.9666832219,0.9636897956,1.042585553,0.8743497607,1.200685527,1.077854099
397,0.6526167932,0.8826847881,1.00867441,1.028047254,0.9601711602,1.06094635,1.08643253
398,0.5408044856,0.8867261,1.109530821,0.9875458566,0.9215749771,1.028963151,1.07591497
399,0.5316519939,1.125929332,0.8967329279,1.004619497,1.037687351,1.008885745,1.097974193
400,0.5631900568,0.9635858704,1.050872929,0.9065539055,1.277915974,1.018966092,0.9850073253
401,0.5264266063,0.9604387918,1.012645278,1.025166112,1.079782899,1.030069899,1.157416685
402,0.5753152527,1.07626581,0.9933832175,0.9714860367,1.015427887,1.058380382,0.8889869016
403,0.5494280248,1.008761289,0.9551281469,1.124462903,0.9220490373,1.133476198,1.15920913
404,0.5701915564,1.003151733,1.183744317,1.109966466,0.9688278129,1.124478834,1.078838082
405,0.5552261002,1.150440282,1.147338373,0.9511289981,0.9361833776,0.9937544667,1.141055877
406,0.5131550784,0.9053614314,1.062883114,0.9786888363,1.119858287,1.09244563,1.154952591
407,0.5230252872,0.9663912864,0.9991539782,1.046974249,0.9432397413,1.083785385,1.066377799
408,0.5544595265,0.9853507903,0.9314208732,1.057960811,0.8928101015,0.9476479902,1.014960397
409,0.5367367263,0.9446008121,1.175845914,1.062817969,0.9738687561,1.034624113,1.060023187
410,0.5261309001,1.065546756,1.13992604,0.9709144889,0.8483618659,1.139222718,1.121253719
411,0.4947357889,0.995818355,0.9322151055,0.9157246208,0.8513481898,0.9970635464,1.019800369
412,0.5453900213,0.9474862139,0.9106694164,1.065794782,0.9902865981,1.035739227,1.046899955
413,0.4914807983,1.067488441,1.014390572,0.8809451694,0.8875968609,0.9985253954,0.9017981062
414,0.5433445838,1.032224388,1.002236838,1.025556121,0.9982284517,0.8890091744,1.075316823
415,0.5076179587,0.8171532941,1.20738311,0.9426074535,0.8453261019,1.118336303,1.078109031
416,0.4980932074,0.998167972,0.9173825052,0.9013014374,0.9912068127,1.052468376,1.104925929
417,0.5938029983,1.046679946,1.113173563,1.156229522,1.031981654,1.006246637,1.006880797
418,0.5816760561,0.9521746285,1.016791259,1.039216139,1.066002525,1.187265755,1.136438442
419,0.6322634579,1.108253587,1.223309948,1.076119597,0.9961272101,1.069464675,1.043582669
420,0.4667652055,1.017559563,0.9729107985,0.9720573123,0.9070208039,0.9849425678,0.9363986846
421,0.5344983983,0.915407633,1.075869574,0.8793613029,0.9552166961,1.05176914,0.9637457544
422,0.5986839985,0.8306964491,1.005049553,1.053447354,0.9167216066,1.063470595,1.020069739
423,0.5979904046,0.8944668832,1.127655073,0.9147247968,1.070071086,0.8968970941,1.027303813
424,0.5915549689,1.033058809,1.09135138,1.077284471,0.8955817518,0.9587660446,1.101476781
425,0.6069023868,1.084008685,1.052034526,0.9750317741,1.196318214,0.9770947874,1.058416834
426,0.5382291279,1.010115832,0.9267523784,0.9968385519,0.9997895718,1.118642596,1.090810813
427,0.5832571898,0.958836667,1.101766835,1.097275302,1.018671749,1.11288059,1.090810321
428,0.5827581899,0.8749877365,1.116542338,0.929275877,1.092546459,0.8987763982,1.023356543
429,0.5106228392,0.8092292716,1.059970573,0.9564497336,0.8405192739,1.009526247,1.020219941
430,0.5882736862,0.921358178,1.028554144,0.7821719187,1.133182744,1.055823382,0.9588469248
431,0.5233675962,1.0427166,1.108596229,1.145370481,1.12957427,1.226359512,1.114641579
432,0.5604845825,0.9422545078,0.9258314396,0.8206242001,1.049952858,0.9386980603,1.072282013
433,0.5509074382,1.046620534,1.149560622,0.981040558,0.9623432355,1.150991769,0.9700183531
434,0.5834714735,0.9859291199,0.9743614704,1.086297812,1.035479064,1.070683038,1.086884234
435,0.514882852,0.886442031,0.9929353694,1.082467428,1.139777825,0.9591054821,0.9996997623
436,0.5301038877,0.9878338922,1.100330376,1.214285053,0.8830028439,0.9534491212,0.9546567244
437,0.5777054116,1.072502255,1.075672506,1.059718288,0.9867282199,1.01115484,1.104223121
438,0.5490867332,0.95370665,1.136563191,1.280588138,0.9603905841,1.017570631,1.001752957
439,0.4992885781,0.8641353131,0.9282590251,0.9474071271,0.8299457409,0.9127723314,0.984708217
440,0.5045814169,0.9663905892,1.083977977,0.926950563,1.04883515,0.9572608647,1.107194773
441,0.558569525,1.036080649,1.040697058,1.02678944,0.9678508962,1.051061837,1.045108371
442,0.526572183,1.063249963,1.072108141,0.9929789399,1.105149917,0.9485179433,0.9535512308
443,0.6001303668,0.9604028612,1.080064095,1.063647859,1.035945514,0.9721905982,1.15302812
444,0.5168417151,0.9303015253,0.9265607689,1.032858184,1.084480271,0.8919226312,0.9972369602
445,0.5364311545,0.9613472746,0.9807278503,1.080547576,1.03504143,1.052086892,0.9896463667
446,0.5773087969,0.8900486564,1.013663447,0.9587755283,0.9073851744,1.084978259,0.9694338796
447,0.6133538704,1.1280754,1.184597572,1.264781447,1.078706821,1.177034501,1.143903609
448,0.5798217515,1.054262774,1.091849321,1.088982846,1.180315447,1.12113234,1.093098759
449,0.5644451157,0.9799843536,1.228470302,1.021059572,1.187094087,1.146427828,1.146270341
450,0.5412607268,1.030573245,1.172757363,1.064657416,0.9825282106,1.029377607,0.9912343591
451,0.5258051769,1.008175743,1.21922245,1.136100876,0.9230930302,0.947938251,1.041719172
452,0.6091148641,0.9089793332,1.172752502,1.069451879,1.131252075,1.034379817,1.065756122
453,0.5951419199,0.8681403616,1.027157865,0.937822575,0.924534138,0.8750739899,1.04033378
454,0.5506549298,0.9462112106,0.9779726223,1.043669185,0.8975842806,1.093963727,0.9586490817
455,0.5951952908,1.004424166,1.154936046,1.183071109,1.08808535,1.04194041,1.165774216
456,0.5221778997,0.8710997107,1.071447976,0.9381235548,0.9815639384,0.9814040734,0.8743052673
457,0.5533780198,0.9590885673,1.103592192,1.023915215,0.9741516362,1.02625684,1.130951723
458,0.5470435167,0.9219646401,1.116499851,1.120177023,1.097910395,1.127293783,0.997332521
459,0.5659855079,1.150019663,1.065531838,0.9399212984,0.965733506,1.050341622,1.109494132
460,0.5221896343,0.9719057393,1.090780626,1.152538632,0.9157434844,1.037205405,1.095965952
461,0.5821433436,0.9787762611,1.050424688,0.9002003154,0.9593790644,0.923706918,0.9740796696
462,0.612260842,0.9321339464,1.186975269,0.9420072127,1.024928415,1.100203769,1.104334546
463,0.5507349356,0.9320714267,1.11580012,0.9958915485,0.9457142358,0.9397660243,1.098175461
464,0.5638862939,1.05328517,0.9799081508,1.042164569,1.200850131,1.047068462,1.109991682
465,0.5599609091,0.9326867136,0.9533702072,0.9126779677,1.23076115,0.9992552326,1.079786948
466,0.5686327691,1.015779902,1.026086893,0.9055465753,1.05670026,1.104033055,1.066397026
467,0.5443317631,0.8742221543,0.9529791894,0.9701723088,1.056398961,0.9779004032,1.012167011
468,0.5205703635,1.020196983,1.074839384,0.9719170954,0.8854583848,0.8870702291,1.022099078
469,0.5975147882,0.863739445,1.114757659,1.086528202,0.9877590777,1.033605626,1.266019189
470,0.5494864218,1.105546906,0.9578496462,0.995473944,0.8948745322,1.030903732,1.022276512
471,0.5693615052,0.9425118837,0.8637515401,0.8256097631,1.031720843,1.029874304,1.055723587
472,0.5993657444,0.9854575337,1.090750633,1.070016381,1.018489254,1.050807763,1.070245168
473,0.4673323562,0.9786830772,1.094802844,1.108678282,1.078409072,1.027133633,1.059958268
474,0.5340182278,0.9221790564,1.024944992,0.9332571148,0.8927092287,1.018816385,0.9541758796
475,0.5609930103,0.966380443,0.9641766606,0.9919366226,1.035964903,1.049554554,1.030847746
476,0.5454603088,1.013344071,1.029276643,1.105025752,0.9723775217,1.164674469,1.06855049
477,0.5088159182,0.9100128568,1.01890502,0.9443816932,0.9678222132,1.05220542,1.018913519
478,0.5595772357,0.9986605753,1.048955825,1.033328552,0.9935053579,0.9428192047,0.995013038
479,0.5417061972,0.9514374456,1.183563619,1.051146301,1.087061109,1.124488187,1.129828127
480,0.514270411,0.9580582809,1.042029276,0.8487805003,0.9462946996,1.00544996,0.965447252
481,0.5500065655,0.9242217176,0.8476374152,0.9384591006,1.055948886,0.9439241341,0.9014395987
482,0.5161273475,1.045655078,1.128769512,0.9596217691,0.8767465064,1.056187921,1.148943652
483,0.5840947158,0.9759226387,1.106420598,0.8896014542,1.140681924,1.088855334,1.0679356
484,0.5488874604,0.9345735618,1.034470812,0.968974946,1.092480484,1.182686316,1.130242638
485,0.5348701184,1.109406804,1.134098062,1.159282669,1.231252399,1.126319663,1.127320788
486,0.532944978,0.8743184709,1.114539947,0.9482249528,1.179716116,1.034171525,0.9667192444
487,0.5969473373,0.9924073105,1.051504757,0.9612715706,1.013832288,1.016982766,1.071148368
488,0.5236737109,1.061608612,1.101734132,0.9100357724,0.8326070728,0.9986318884,0.9866253345
489,0.5428162314,0.9932153419,0.8539052322,0.9832259347,1.024516498,1.00843518,1.057942087
490,0.5591066167,0.9407763385,1.180928984,0.9462130063,0.9574580544,0.9990481665,1.013388754
491,0.5632127531,1.036880489,0.969402734,0.9744476562,0.9036753643,1.048144819,0.9577907519
492,0.6084401804,1.002262147,1.208826647,1.144559728,1.13134986,1.114462604,1.13736358
493,0.5847483511,0.9547204853,0.8906057129,1.06174779,1.025291554,1.072738442,0.9017299126
494,0.5675518927,0.8739997122,1.035865757,1.00356952,0.8362843286,1.000976201,0.986759149
495,0.5510103681,1.013505876,0.9906744363,1.119140182,0.9110719357,0.990285172,1.143539865
496,0.5285587386,0.867897548,1.125673819,1.144704306,1.056767152,1.041101665,0.9736509482
497,0.4706626436,0.929248868,0.9026630804,0.9431184149,0.9489436163,0.9506127521,0.8630664847
498,0.6022529369,0.9016459645,0.9821928858,0.9841620813,0.8812863313,1.019378384,1.254628463
499,0.5462076808,1.111669817,1.0411145,1.018683054,1.093827251,1.011217677,1.112841531
500,0.5249122183,0.9742652412,1.129809012,1.19357804,0.9376681314,1.122597266,1.070299717
501,0.5461979818,0.9264854368,1.081289681,1.041884411,1.000117693,1.023075723,0.9681713702
502,0.5804938443,0.8851042986,0.9890563252,0.8710232485,0.9222499294,0.980659448,1.036314574
503,0.5266946012,0.9758982427,1.002127583,0.9595083054,1.070498446,1.183842657,1.090310456
504,0.5770779068,1.051126485,1.129617222,1.01708517,1.162219528,1.14241543,1.107111566
505,0.5388562867,0.9018740551,0.9293491592,0.9524152853,0.9136479511,0.9196157362,0.9493816991
506,0.5658507578,0.9849767355,0.8974011646,1.06939514,1.030681335,1.057266159,0.9697578963
507,0.5781487567,0.9048770851,1.096084318,1.193020291,0.9132485739,1.081170996,1.020347187
508,0.5366001667,1.080832904,1.00983399,0.9365429137,0.920158653,0.9590425878,0.9479887644
509,0.5447408134,1.063607662,1.233262699,1.13375521,0.9605932436,0.9659457405,1.146449084
510,0.4977786516,1.011488363,0.9541090111,0.9293403259,0.9546655629,1.028745975,0.91852573
511,0.5352630831,1.020678536,0.984470017,0.9021920519,1.036100127,0.9155345725,1.080634508
512,0.5552390981,1.045854442,0.9366662393,0.9069719903,0.958926862,1.026045987,1.002842958
513,0.4469491212,0.9851206861,0.9728681234,0.9219614138,0.928628659,0.9918502799,1.000207312
514,0.5167097073,0.8831537707,1.091582567,1.074354092,0.9439927708,0.9348581637,1.121511758
515,0.5614358047,0.9666707459,1.180850103,0.9855000681,0.9377394858,0.9390947571,0.848579006
516,0.4616380334,0.9276024677,1.03796205,0.9135844214,1.011959631,1.042923364,1.023369158
517,0.3979827036,0.8869686751,0.8443181241,1.010395375,0.9473395447,0.9525530504,0.8905444831
518,0.5281650131,0.9360439231,1.104779462,1.062884679,0.961846601,1.102622002,0.9974576847
519,0.5955825741,0.8901963761,1.024356459,1.025184161,1.007352087,0.979506748,0.9313674747
520,0.5484133102,0.9157463263,1.040885879,1.002945537,0.9585406082,1.009527422,1.033036209
521,0.5071905882,0.9878819754,1.07877049,1.046399397,0.9956913254,1.014532098,0.9486908926
522,0.5243767428,0.8639847171,1.169869778,0.9687820138,0.9353334112,0.9409634643,1.024819341
523,0.5689574946,1.03148888,1.07434082,0.9991234627,1.031654948,1.137447103,1.062978541
524,0.5760161079,0.9202097994,0.9179129206,1.014410473,0.9691315571,1.04386752,0.9187415482
525,0.5985310009,1.02886758,1.177648708,1.311011996,1.116054228,0.9394397017,1.267836272
526,0.5282329283,0.8635448176,0.9914101628,0.9739793862,1.037648639,1.056374325,1.007098546
527,0.591982074,1.15440508,1.057021723,1.046067088,0.9377110552,1.064482398,1.074161419
528,0.5549879642,0.9835199023,1.093791398,1.064170046,0.8933851795,1.127442699,1.189533728
529,0.5429128797,0.9494513222,1.088258184,0.9748736082,1.181161973,0.9844773697,0.9518751503
530,0.552384233,0.9371929053,1.203390122,0.9525503299,1.03968203,1.091938435,1.103999422
531,0.5887983891,0.9954034331,0.9559924917,0.970231786,0.916379772,1.079566484,1.038342742
532,0.5378425882,0.8811257657,0.9564775977,0.9004765926,1.09096367,1.043072805,0.9028074506
533,0.5204102231,1.059402897,0.9927643883,1.116639778,0.9482519729,1.242495392,1.167259958
534,0.5977113639,1.082447992,0.9952408458,1.04250401,1.019078985,1.076390026,1.003251268
535,0.5614750148,0.9393891259,1.174504532,0.9236000239,0.9010761098,1.097240911,1.016798928
536,0.511891634,0.9182468658,1.065947687,1.094729858,0.9802442344,1.058309445,1.052850285
537,0.549157415,1.024097612,1.038716952,1.014942731,0.9896769257,0.986460445,1.117953125
538,0.5948089392,1.005194771,1.056614533,0.9112362014,0.9657344351,1.075242715,1.064372485
539,0.548942683,1.108122531,0.7965281755,0.8901440674,0.8845650942,1.03890262,1.008575193
540,0.5708689866,1.027233499,0.9682515047,1.075196248,0.9694371642,1.09287582,1.011309807
541,0.4807820915,0.8295497534,0.9731881015,0.9240831235,0.9596082231,0.9955111535,1.037374633
542,0.6082320523,0.9344145085,1.153686355,1.050298026,1.080720441,0.9736671047,1.010289489
543,0.5660786284,0.9422272276,1.13870046,0.9973613474,0.974063672,0.9264614035,1.068788563
544,0.4985370259,0.829867295,0.8612045355,0.9204972515,0.9243090503,0.8728686015,0.9534043376
545,0.5093909101,0.9199538975,0.9753297281,1.00055226,0.8732645022,0.9477961042,0.9430873986
546,0.4776405106,0.9656946485,0.9931058814,1.130717885,0.8978388077,1.101602884,1.04226496
547,0.5162195806,0.9266952154,0.9570638726,0.8789650707,0.8786322237,0.9952291533,0.9843842166
548,0.5734481282,0.9958025989,1.110778722,1.108788144,1.100683927,1.093305223,1.004527244
549,0.5738033899,1.056908596,0.8220962361,1.057258833,0.9704547592,0.9750862817,0.9649553019
550,0.5327913096,0.9893508352,0.9295675429,0.962327537,0.9636417061,1.083639167,1.093484547
551,0.5875158498,0.968286414,1.258629966,0.9561887308,0.9716578948,1.119285501,1.139023379
552,0.4931226038,0.9847239581,0.9772599198,0.8977889705,0.8602846195,0.8918361909,0.9396267486
553,0.5819155184,0.9903359526,1.130149589,1.036118086,0.9932793796,0.9615570601,1.062010275
554,0.6122164842,1.022226603,1.072685326,1.04863474,0.8856025739,1.047952748,1.042576365
555,0.4930785022,1.102859589,1.045186144,0.9093502956,0.8992995664,0.9547260347,1.046558441
556,0.4852350473,0.9515839095,0.9076855973,0.8567147732,0.9953873454,0.9939310718,1.067071632
557,0.5294943191,0.9308256975,1.092612897,1.1294881,0.927799366,1.000955614,0.9527590892
558,0.5426525697,0.8861574225,0.8969419185,0.996607571,0.9733230652,1.083641376,1.111203138
559,0.5808952928,1.043738267,1.132885843,1.108825698,1.115211353,1.096699856,1.160578851
560,0.571818784,0.9993077988,0.8730772807,0.9026274408,1.126646043,1.015786316,1.020876327
561,0.5273252463,0.9726334639,1.086758313,0.8065937709,0.9906205383,0.9726827897,0.9037425299
562,0.5346314273,1.133328802,0.9918372124,1.170561273,1.046715569,1.217848582,1.132578442
563,0.5552400481,0.8471323395,0.9726002044,0.9279822001,0.9787831542,1.084159761,1.143614694
564,0.5455780262,0.9395448205,1.072913413,0.9665482464,1.128806911,0.9628363053,1.033011565
565,0.5390093109,0.959506371,1.155372754,1.119483105,0.8977352025,1.085110773,1.073024147
566,0.4561791406,0.8883162034,0.8907376957,0.8839227253,1.001116501,1.151380911,1.218938425
567,0.4961170055,1.121162373,1.096627867,0.9436339675,0.9996792641,1.090024649,0.9601031441
568,0.4752998135,0.981565884,0.925619917,0.9982254184,1.053585617,0.9362415817,0.9179582947
569,0.5943683967,1.010668616,1.06920896,1.208204021,0.9160795892,1.097377576,0.9959757718
570,0.5477029847,0.9504529059,1.024268402,1.143420019,0.9171286671,1.053914787,1.011580408
571,0.6011515536,0.9746286851,1.092477767,0.9327665207,0.9637547736,0.9878374728,0.9897012952
572,0.547542768,1.147067271,0.9786750916,1.024152589,1.054438488,1.059464527,1.101883789
573,0.540409403,0.9473482076,1.027694374,0.9960709284,0.9994580324,0.9266085658,1.057182049
574,0.5009365065,0.9665919522,1.106355403,0.9785713964,0.9542356092,1.071871164,1.060073237
575,0.5171881806,0.8363853402,1.037919485,0.9840642612,0.9892847993,0.9565114035,1.047604153
576,0.5814869856,0.9131876513,1.079355364,0.8237257701,1.077415057,0.963477516,1.04314422
577,0.5700390907,0.942969832,1.225185784,0.968660272,0.9879947209,0.993242186,1.208212083
578,0.5042542617,1.024003278,1.152784841,1.023901643,0.9052435946,0.9891719929,0.918132198
579,0.58457245,1.008982319,0.9733109002,1.012203859,1.145740927,0.9929123088,1.004081027
580,0.5660989053,0.8573843585,1.060462049,1.010408028,1.004819478,0.9581090509,0.999026732
581,0.5536497594,1.073910032,0.8873130077,1.068537569,0.895673381,1.075590979,0.9960641744
582,0.5491839155,0.8982798053,0.9246115652,0.8530440816,0.9496422535,0.9298464662,0.9609430272
583,0.5458480627,1.028014334,1.191862359,1.075993339,0.9973290861,1.042086688,1.041251097
584,0.5430375076,0.9562307534,1.020862359,0.9849844519,0.9998569461,1.078063423,0.9885935854
585,0.5509602454,1.031089856,1.060157022,1.121964934,1.037927474,1.13937292,1.202216278
586,0.5301706637,0.8456549894,0.9637625521,0.9337023642,0.90080416,0.8825387419,0.9595654489
587,0.5262604608,0.8847977693,0.901988107,1.019588857,0.8732139909,0.9986573487,0.9712857707
588,0.5242453397,0.8822629639,0.9691093189,0.9341418639,0.9788809304,0.9520352186,1.07645736
589,0.5185804362,0.8565918864,1.066437957,0.9581682961,0.9254856579,1.000510969,1.013268526
590,0.4852386677,0.984679291,1.231846173,1.208972839,0.869548057,1.122484831,1.112017424
591,0.505138623,1.010683773,0.9897262126,1.034471683,1.129338321,0.9574106215,0.9596201926
592,0.5976629394,1.033085693,1.028249695,1.182047548,0.9616871027,1.087118262,1.106782345
593,0.5808292707,1.095529617,1.139933939,1.147620005,1.047737826,1.202313189,1.065628338
594,0.5080017577,1.003409832,1.157449453,1.102158103,0.883423352,0.9404940155,1.01938998
595,0.5972435689,0.9916622696,1.144015993,1.084531184,0.9579294535,0.9422859761,0.9901068378
596,0.5980951268,0.8936228577,1.076470875,1.003733682,1.036973658,1.143781675,1.20468724
597,0.5616243932,1.114629878,1.227173302,1.091007574,1.131846859,1.116488104,0.9740944616
598,0.52876613,0.9806623249,0.986969335,0.898624251,1.015649129,1.10495618,1.025164957
599,0.5801889371,0.9453568051,0.9832469191,0.9900074135,1.013737269,1.01819302,0.9854652766
600,0.5885429095,0.9821771985,1.054396636,0.9274400708,1.018022507,1.074178655,1.116734409
601,0.561769084,1.018083837,1.248520492,1.123237306,1.030357599,1.059894169,1.10245298
602,0.5428992442,1.050434054,1.006110856,1.036976864,0.9647069245,0.9587380911,0.9559102606
603,0.6078345672,0.7546354803,1.146953146,0.9410275901,0.8832491812,0.8830504519,0.9204963236
604,0.4900707598,0.915408159,0.9364488222,0.8974169931,0.9672696663,1.056797327,1.077730852
605,0.4874857748,0.7952295014,0.9051103963,0.9311681225,0.9286059396,0.8811059338,0.9005078356
606,0.4715965362,0.9403060299,1.090454124,0.9172514683,0.9732514082,1.015819919,0.9119046918
607,0.5763531695,0.9410786556,0.9747960694,0.995083756,1.089515602,1.077064005,1.03539212
608,0.5133513185,0.9703271208,0.78391109,1.036557356,1.110352624,1.134634806,0.9648731103
609,0.525333123,0.9868936686,0.8571423203,0.8606395333,0.9831658388,0.8915929664,0.9561112973
610,0.563603105,1.058326509,1.102294941,1.23006764,1.092646602,1.132937605,1.216240827
611,0.5560303855,1.028441954,1.015801905,1.13310363,0.9069361598,1.069985481,1.085560082
612,0.5631742517,0.8549914521,1.141304944,0.7472622762,0.9281722665,0.9432302254,1.123070414
613,0.5366615878,0.8945067032,1.110935043,0.9221993132,0.8584985445,1.063193017,1.08672457
614,0.4946305587,0.9547330369,1.032144755,1.005673472,0.9476976706,1.012995329,1.046930895
615,0.5449351164,1.003139081,0.9147751387,0.9827820235,1.002041457,0.9521580139,0.9379561655
616,0.6322593262,1.021080194,1.269352549,1.148794968,1.152715042,1.106202098,1.24225725
617,0.5755175759,0.9776237487,1.167695418,1.016299989,1.068200205,1.083895829,1.124406378
618,0.5529210359,1.039830593,1.114867069,1.21761347,0.9184322233,1.080964898,1.001170183
619,0.5122116252,1.01418887,1.216307016,0.9614905978,1.011785348,0.9416146655,1.025644466
620,0.548336566,0.9142956226,1.20787386,0.9204376756,1.066945731,0.8972709128,1.114799345
621,0.5991811704,1.03468846,1.1432774,0.9214991323,1.108110025,0.9994304582,1.064019861
622,0.5624476048,1.03939475,0.972576558,1.020756046,1.124852794,0.9443830771,1.101001846
623,0.5616537631,0.9931605266,1.110677194,1.194367462,1.043487689,0.9883210623,1.0337357
624,0.5566564996,0.9930449059,1.051288363,0.9436945655,0.9590926728,0.9831976399,0.9550204105
625,0.5691361599,1.031429588,1.007376674,1.140651704,1.055424973,1.163594884,0.9812265868
626,0.4425880582,0.9347903815,0.934540894,0.9330937595,0.8226965291,1.078018146,0.9620795716
627,0.4659418551,0.9757034728,1.003332548,0.9637066196,1.217852278,0.9898742932,0.8995375288
628,0.5861637537,0.8709336112,1.145212936,1.097210348,1.1611848,1.219953094,1.073788862
629,0.5266597274,0.9929259059,0.9657804711,0.9826712129,0.8725899046,1.013190984,1.070631912
630,0.5822627393,1.076429878,1.11600377,1.261049154,1.092395823,1.173628327,1.022357115
631,0.5350801607,0.9303271424,1.114356703,1.037343903,0.9110406958,1.149102773,1.004037231
632,0.5450357081,1.144224834,1.220672829,1.004009627,0.9779336489,1.012006666,0.9371008102
633,0.5466561684,0.8937948609,1.162557406,0.9955873811,0.9518084377,0.992895939,0.9308063756
634,0.558939881,0.9029767733,1.005970363,0.960639798,0.9521646705,1.005319995,0.9594903495
635,0.5463048772,1.002988039,0.888900781,1.108454985,0.9165209375,0.9916632169,1.067436616
636,0.5620979228,1.024878007,1.123255533,1.050524533,1.061064036,0.9944575675,1.101469955
637,0.5707010349,0.8932780023,1.048573583,1.087892605,1.012517367,1.133545516,1.108950068
638,0.5196334238,0.9906655209,0.8408685119,0.9366990441,0.979825029,0.895865334,1.032641132
639,0.4927010866,0.9642696525,1.119554856,1.119041338,1.027229129,1.046298597,1.176506565
640,0.554748169,0.8987844517,1.1510317,0.9418014927,1.01396791,0.8166563085,1.148686449
641,0.5760055265,0.9278127217,0.9929046003,1.015327436,0.9252655861,0.9836334693,0.9684356248
642,0.5710784289,1.050476788,0.9628325869,0.9988908515,1.139329918,1.06965916,0.9574355621
643,0.5747427266,0.8075651616,1.066233145,1.023007866,1.012351499,1.044926048,0.9351122894
644,0.4710821526,0.8146137073,0.9111396727,0.7974443761,0.8885149892,0.9077550178,1.02368224
645,0.5406403187,1.008012007,0.9591848652,0.9496691119,0.8735742999,0.8895878557,0.9033046651
646,0.5506999285,0.8987775505,1.036417126,1.09861744,1.07957245,1.041136315,0.8670644107
647,0.5750458733,0.9644026952,1.100183822,0.9971992767,1.00284259,0.9781472023,1.237373943
648,0.6066216397,1.074169291,1.164713566,0.9981873243,0.9167773729,1.017837901,0.9717746776
649,0.5864895514,1.167618396,1.099846038,1.099546319,0.9617441403,0.9830997506,1.129845844
650,0.5678620366,1.014932121,1.061336129,1.008597513,1.021024876,1.043211302,0.9493146833
651,0.5234874171,0.8935390216,1.023645645,0.8701879874,0.9122790199,0.8826095198,0.9739146719
652,0.5268590233,1.002556296,0.9525868398,1.049138094,0.8594633054,1.048240025,0.9653296867
653,0.5700785068,1.059169085,0.9955082632,1.01466529,1.094910545,1.01995202,0.965640679
654,0.554879695,0.8974773739,1.048110544,1.009890728,1.073274696,1.02798904,1.051979999
655,0.5657214777,1.025138821,1.199449831,1.075766566,0.9625754189,0.9548054615,1.055274157
656,0.5062909895,0.9347678828,1.049926605,1.085531277,0.9828560085,1.083883119,0.9901498701
657,0.5605361886,1.005401126,1.021139786,0.9352643187,1.002047799,1.056509025,1.083054413
658,0.6099527789,1.085877909,1.174065122,1.11394724,1.052687966,1.057454859,1.065375439
659,0.5728781534,0.9591419739,0.9784365378,0.8950470217,0.9024088174,1.123763335,0.9517776785
660,0.5516672655,1.011932244,1.024903244,1.178238425,0.9792157202,0.991202664,1.023138277
661,0.5331664896,0.9592222469,1.038620348,1.126032074,0.9984019076,0.9742156391,1.127181257
662,0.6134217276,0.9790459191,1.122201344,1.135174814,0.9974228893,1.182720375,1.047690218
663,0.5293772341,0.8879343981,1.106984027,0.9961921306,0.9905887198,1.043027671,1.109031083
664,0.4727174605,0.9730034128,1.130437211,0.9248432629,1.088232343,0.919207906,1.035567764
665,0.5233432796,0.9688686705,1.075779809,0.9986838484,1.018144214,0.9838433075,1.023732438
666,0.5454899712,1.033913567,1.044096631,0.9620634041,1.070092766,0.990781158,1.088709582
667,0.5252327545,0.961073362,1.033932119,0.9199937861,1.017689689,0.9794154664,1.057108276
668,0.5468983464,0.9821289476,1.107432736,1.145107805,0.970999132,1.182643404,1.008776999
669,0.5537754141,0.9312617052,1.061279207,0.9136858153,1.046769208,1.022460193,1.039028495
670,0.5361508581,0.9999160349,1.055369422,1.244317496,1.06897033,1.076308683,1.164471487
671,0.5466293328,0.9499339346,0.98608572,0.8105916311,0.8757684409,0.9915595955,0.9471842541
672,0.4826255315,1.073833154,0.8781685554,1.082917811,0.9031229007,0.8964494644,1.243856959
673,0.6358888625,0.9823408098,1.193028114,1.008524588,0.9276105718,0.9749584758,1.139866281
674,0.5524524623,1.071138593,1.279476455,1.060093087,1.028663629,0.9698346415,1.134329418
675,0.5767585087,1.039626572,0.9623663046,1.070086893,1.003871956,1.062242246,1.013957172
676,0.5341256033,0.9049414644,1.023573553,0.9753149346,1.001411798,0.9700933146,0.9672809856
677,0.496846401,1.080183057,0.9611329246,0.9586064042,0.9101087647,0.8819044837,0.9053461256
678,0.5756053904,0.9351032793,1.129808505,1.109626224,1.094148799,1.03513375,0.9663712988
679,0.5272260671,1.041524142,0.8844817251,0.9767261983,1.087145517,0.9544081785,1.06082739
680,0.5009285333,1.016787258,1.044678271,1.017370155,1.014437586,1.026608823,0.9905743864
681,0.5417301856,1.077688137,1.052386633,1.035272543,0.9311045282,1.110964931,1.05440126
682,0.5123468728,0.9673342713,0.9361982353,0.9926247272,0.9855403781,1.083508919,1.100448906
683,0.5614683497,0.8829404252,1.106632541,1.074727474,1.094562722,1.039982114,1.069575306
684,0.5482458192,0.859940462,0.9444647934,0.9404618284,0.9804524374,0.9192253087,0.9371266141
685,0.5144165964,0.9192222684,1.103669745,1.109840221,0.9406503578,1.026133878,1.062300215
686,0.5526040806,0.8438001145,0.9813028782,0.9402320257,0.9917747694,1.01415511,0.9534909227
687,0.4870987416,0.9154716636,0.9157940257,1.022094499,1.053702032,0.9322292396,1.064783556
688,0.5681086737,1.013097215,1.030782809,1.069917497,1.105797428,0.9905644805,1.06352725
689,0.5486638257,0.9023390523,1.057561732,1.05478451,0.8897376741,1.195339657,1.107543144
690,0.5724343506,0.9888667035,1.108103266,1.055568643,1.090061372,1.057291377,1.019156289
691,0.5729872737,0.9513372525,1.06391431,0.8779228138,0.9067621412,1.130443228,1.027404544
692,0.5950932488,1.007186068,1.177384839,1.082820758,1.06973482,1.218736981,1.105798047
693,0.5466422023,0.984543375,0.9892012933,0.9410736829,1.076844397,0.9927312674,1.004730166
694,0.5522470519,0.9855276322,1.062708391,0.9392473524,0.9206930171,1.008489232,0.966521989
695,0.4761482942,1.033299753,1.016389547,1.136622038,1.176208361,1.076751714,1.053512095
696,0.4768812496,0.9467195644,1.033907891,0.9997459252,0.9246012466,0.9556542218,0.9580633561
697,0.5746696632,0.9566578383,1.001954508,1.022092685,1.033423773,0.9498064783,1.004003954
698,0.4780541983,0.924575361,0.9634634581,0.9084578457,0.978951543,0.9009783419,0.9275051132
699,0.5343012238,1.060122359,0.9027365926,1.041653506,0.9858353188,0.8830489077,1.120341559
700,0.5401307386,1.096949563,1.008496378,0.9173688034,0.9741170896,0.9871189336,1.04218536
701,0.5515594518,0.8552313976,1.091498746,0.9676058198,1.02620398,1.048437562,1.053946086
702,0.4758882799,0.9101005051,0.9063569888,0.8518707482,0.8893376821,0.9534418734,0.9726476917
703,0.595171432,0.9439662767,1.084943738,1.02279484,1.027023011,0.993366313,0.9755570342
704,0.590356706,1.037488254,1.026676545,1.018377031,0.9054216142,0.9943055627,1.176182578
705,0.500873282,0.9409829089,1.056088538,0.9501917365,1.046179867,1.182138689,1.032234247
706,0.605904741,1.046051028,1.237370944,1.228313339,0.9529796177,1.074143129,1.074231217
707,0.5971917455,0.9427016738,1.039683096,1.160510717,0.911853032,1.033496663,1.084983084
708,0.5192544675,1.02560668,1.151123638,0.9941664915,0.8966175812,1.003299039,1.012435204
709,0.5734389043,0.9990536057,0.9885677874,1.017158071,1.017601539,0.9752772254,0.9332552586
710,0.4752532257,1.097959639,1.015513012,1.002963757,0.9890005542,0.9831750165,1.025586305
711,0.4917478788,0.9066262673,1.044313864,0.8786674808,1.10561153,1.110042538,1.055967447
712,0.5102049067,1.016591518,0.9531964575,0.9114168496,0.9683764222,1.06320711,1.020330221
713,0.5896594672,1.011545561,0.8956205807,1.129537337,0.9563307208,1.034297332,1.023205758
714,0.5267431302,1.01161579,0.9948187687,0.9535013332,0.9967328904,1.026600091,1.028661663
715,0.5607562731,1.02488293,1.013217528,1.115241343,0.8506231162,1.092144491,1.042175695
716,0.5087114627,0.8992996845,1.001134924,1.016148634,0.9674948507,1.007239518,1.028513417
717,0.5443101465,1.092656055,1.117981591,0.996774868,1.131650911,1.135314775,1.124114759
718,0.4578732354,0.9631658349,0.8394506786,1.075404359,0.8341948421,0.8686660813,1.048096346
719,0.4789108831,0.9123686865,0.91043818,0.9172782605,1.034374129,0.9737392234,1.000836217
720,0.530930342,1.010207891,1.023350204,0.8690530704,1.06595851,1.10404465,1.056070119
721,0.5747520983,1.036636106,1.215148001,0.9855104849,0.9067894263,1.075172987,0.977194704
722,0.5606699366,0.8866064191,1.01642509,1.015181133,0.9016647903,0.9286309015,0.9140206117
723,0.5142904377,0.8270761497,0.9957490768,1.026557313,0.9372781498,0.9699106675,0.969128435
724,0.6048236145,1.073499408,1.158933486,1.210197972,0.9871687541,1.00628399,1.106703692
725,0.5663356288,1.060980773,1.179670399,1.058845246,0.8962212762,1.117278643,1.007735069
726,0.4994716372,1.009859034,1.059772877,1.041174558,1.033673259,1.00790543,0.9394566464
727,0.5061174084,0.9685346767,0.8536207708,0.9210111438,1.114149429,0.9343176557,0.9029935099
728,0.5994310293,0.8137969416,1.064617608,0.898759457,0.8911959708,0.9033548593,0.9947992375
729,0.5192627991,1.032188277,0.9048021148,1.104507497,1.123544313,1.069239758,1.078027467
730,0.5053425492,0.9561113138,1.001218128,1.0029881,0.958639389,0.9688195032,0.9501620103
731,0.5214628908,1.042720114,1.10834176,1.125715266,1.189573663,1.133977586,1.098730554
732,0.5139859026,0.9630355548,0.9882504987,0.9973475042,0.9376562215,1.014129488,1.164961108
733,0.4990377791,0.9233209209,0.931898743,0.8349227751,0.9369699955,0.9953532178,1.020568693
734,0.5447746414,1.17538207,0.959485487,1.14608273,1.065767018,1.13393283,1.054301587
735,0.4962966571,0.9858307009,0.7927669429,0.9293414313,0.940621447,1.008721774,0.947410027
736,0.5508527097,0.8835345522,0.9215819772,0.9010511454,0.9725976602,0.918124959,0.9133741644
737,0.5594926315,1.108236418,1.159985677,1.059485336,1.005129557,1.09474663,1.046488027
738,0.5603720089,0.9074796345,1.093735701,1.080163988,0.9563363743,0.9882979224,1.000099072
739,0.5511080526,0.8950438161,1.131921732,0.8968368596,1.007649,0.9901602119,1.097502011
740,0.5505309511,1.020174456,1.01745654,1.084879161,0.9872023814,1.081821698,1.106896473
741,0.4469463452,0.8912428537,0.9012973302,0.9588154725,0.8947723099,1.022497817,1.067501485
742,0.5309790195,1.096920829,1.141088431,0.9206645851,0.9252622399,1.018038314,0.9417826426
743,0.522229955,0.8980686931,0.8907370481,0.9861101696,1.020690987,1.051979256,1.016044978
744,0.4680912376,0.9412431153,1.145749656,1.184686181,1.277372879,0.9938835662,1.057825234
745,0.5534946569,0.8438170404,1.131319869,0.9386756285,1.021967222,0.8989808421,0.9837232055
746,0.6252811559,0.9775465311,0.977087506,1.221634723,1.107462961,1.033520999,1.030903452
747,0.5731321578,0.856306183,1.128747187,0.920937097,0.9099712679,0.894523694,0.9713930715
748,0.5485654875,0.9711430485,0.9783984462,1.002492687,1.047631333,1.04328128,1.034752123
749,0.5413596442,1.006360396,1.187239347,1.149096268,1.016381358,1.175935756,1.092644154
750,0.5580159523,0.9949981817,1.00834499,0.9565269541,1.100307251,1.043614751,1.002575499
751,0.5858211801,0.9232959905,1.037298831,1.073830918,0.8540110137,0.8917998992,0.9998053421
752,0.5131506138,0.9332715659,1.161839253,0.9765349271,1.046657618,1.121677247,1.067870579
753,0.5373430446,1.106333858,1.115367289,0.9817966718,1.152035182,0.9069240206,1.153562971
754,0.5637230733,0.9470555234,1.069422386,0.9347110491,1.101720057,0.9901563894,0.9884631042
755,0.554735415,1.092181723,1.045052771,1.02026551,1.094073422,1.077188771,1.017813013
756,0.5702199137,0.9168446883,1.088600673,0.9128763389,1.205100862,1.056877655,1.101081781
757,0.4990855508,1.013131324,1.026900948,1.026546155,0.9887225423,1.048016826,1.10227737
758,0.5186660372,0.9522056121,1.138903747,1.107261014,0.9956643189,1.111889247,0.956738832
759,0.5116488457,0.9328175555,1.070839547,1.178940577,0.8354147615,0.9885458277,1.050053473
760,0.4868885295,0.9334569683,0.9471172059,0.9335849014,0.960305725,0.9369984232,0.9422343202
761,0.5989832565,0.9631519506,1.096296727,1.03770745,1.0083531,0.9341848276,1.160005034
762,0.4965579312,0.8530606978,0.949163648,0.9584377096,1.063078468,0.9160876707,1.05266429
763,0.552767799,1.011500976,0.7898870639,0.8723985261,1.090381631,1.068019385,0.959578711
764,0.5191902677,0.9725743459,1.034411386,0.9490417324,1.045058608,1.090666981,0.9594993847
765,0.4915697984,0.8203329234,0.9518811423,0.9172050337,0.8311693675,1.043975998,0.9400670612
766,0.6024444531,1.016505992,1.092392155,1.173752299,0.9817116515,1.103870241,0.9904237582
767,0.5467428448,1.019746953,0.9594745755,1.054718788,0.9823660197,0.9928169477,1.000961189
768,0.5722317173,0.9487696349,1.024882521,1.03474922,0.9447493216,1.120692886,0.9916319918
769,0.5578933994,1.112441687,0.9666345624,0.998955965,1.149151764,1.020624338,1.024843196
770,0.5068418622,0.9701136098,1.024374132,1.079112329,0.9000403045,0.9021656982,0.9702151204
771,0.5497486747,1.028136778,1.070368501,1.132958806,0.9771014793,1.002897017,1.059113714
772,0.5720472041,0.9034398898,1.051457727,1.007334616,0.994451771,1.020277885,1.023261031
773,0.553710715,0.9610405487,0.9624245413,0.8522090626,0.9741206982,0.8921424675,0.87425695
774,0.5744689919,0.9503156849,1.067057886,1.070334925,1.104818166,1.016977834,1.242196735
775,0.5776815932,1.090941675,1.171158042,1.036700892,0.9991140557,1.133674156,0.9751293093
776,0.4958371604,0.9477370311,0.9424501739,0.985431346,0.9561621587,1.068847119,0.8976846527
777,0.5877996614,0.92452196,1.0529833,0.9397881173,1.042398566,1.091085197,1.069954742
778,0.551935271,1.043173408,1.090560026,0.9966845191,1.003573972,1.034229174,0.9039965112
779,0.5021676141,0.9920016757,1.019880389,0.9981549857,1.040801388,1.067044457,1.015866441
780,0.5123305233,0.9800492905,1.089001459,1.117775852,0.957779915,0.836947496,1.130806492
781,0.6065604363,0.9614879399,1.118733358,0.9705433777,0.9904450262,1.034306569,1.116585177
782,0.5484071183,1.053023756,1.07070048,0.998410039,0.9895384928,0.96415708,1.045696899
783,0.4950938626,0.9401648514,0.8675432369,0.9621807481,0.9442551188,0.9400308289,0.9285745319
784,0.5155750558,0.9167350155,0.8429906094,0.9858087549,0.9347730561,1.012739402,0.9829661999
785,0.4964662954,1.156673855,0.8522920911,0.9998397036,1.136311175,0.9889580059,1.020471104
786,0.5455538913,0.9585912168,1.046658609,1.102675889,0.8168818799,1.024598549,1.210336996
787,0.5677329441,0.9325034918,0.9678312913,0.9785286572,0.8400451684,1.07393742,1.067667694
788,0.5171141495,0.8809177017,1.08136942,1.142080316,0.8665894841,0.9898048688,1.020073918
789,0.5200738091,0.9275871268,0.9951778434,0.9302773488,1.057457233,1.047689347,1.068099546
790,0.5369007135,0.9538938402,0.8840837102,1.145346531,0.9413726777,0.9790587412,0.9798567665
791,0.4467674954,0.9372602404,1.110274169,0.8413892741,1.161060781,0.9847078821,0.9595223684
792,0.5695093359,0.874913698,1.104739184,1.06302093,0.9160531476,1.080110856,1.028713878
793,0.5642184063,0.8387250438,0.9856201329,0.9171717801,0.8386264201,1.029768654,0.9958128408
794,0.5074819318,0.9431423093,0.9246920847,0.9563557463,1.062959829,0.9708275414,1.080591599
795,0.6018217581,0.9205072739,1.076601665,1.18443009,1.053875143,1.192511402,1.096595378
796,0.5558269711,0.9390194783,1.067854729,1.119273883,1.153722987,1.253950568,1.059805056
797,0.5208247055,0.9395290906,1.025366657,0.8902271302,1.005022094,0.9821909012,0.9833284703
798,0.4572892125,0.9955436173,0.992150282,0.8901591176,0.957025931,0.9867164352,0.7931660238
799,0.5348345079,1.038212707,0.9978372641,1.041984656,0.943843422,1.019801383,1.017980477
800,0.5674935034,0.9351898876,1.048076789,0.9606066331,0.9189479896,0.9791681294,0.9921138927
801,0.4983775708,1.101373902,0.9507587699,1.039985856,0.957861976,0.9284227355,0.9885868417
802,0.4657442354,0.9378143211,0.8581336846,1.023645952,0.9448275439,1.018101049,0.9212616484
803,0.5542373048,0.9821158637,1.060299768,1.139901634,1.045561628,1.018818207,1.049877005
804,0.5481368997,1.049031302,0.9954822765,1.058003775,0.9028168633,1.019788732,1.073573355
805,0.5527456916,1.046654882,0.8628647138,1.103149936,1.04173281,1.069469543,0.9654268986
806,0.5536896479,1.099056015,1.187562753,1.090794539,1.03239565,1.12488176,1.115793576
807,0.6069277454,1.110364948,1.093937436,0.9587311639,1.073611804,1.107417482,1.125908683
808,0.5769968974,1.098007325,1.136183279,1.077886905,1.162743372,1.119526737,1.091544935
809,0.5121411351,0.9424025931,1.144459446,1.043720823,0.9568620632,1.03141837,0.9987875912
810,0.6297597986,1.040554974,1.125227295,0.9520669286,1.035893326,1.051339304,1.057746203
811,0.5133262095,0.9434936514,0.8875078624,1.053743954,0.872862196,0.9863334908,1.011874137
812,0.5437988343,1.013889816,0.9957801293,1.067554663,0.9017010919,1.027716163,1.024041097
813,0.5959086555,0.8995670272,0.9401940143,1.074013009,0.8667463331,0.9904301976,1.012140134
814,0.6144728688,0.9798628126,0.9015711964,0.9744874115,1.042278563,1.140203816,0.9117832548
815,0.5318999976,0.9513262007,0.943156576,0.95678288,0.8812137222,0.9748925825,0.9698249039
816,0.5425793056,1.034722034,1.058940716,0.9974932682,1.086797138,0.9669891133,1.013238392
817,0.5273603932,0.9074068173,0.900634892,1.013119087,0.9952187478,0.9385893104,0.9904867779
818,0.5353441806,0.9029833726,0.9612165946,0.8610859356,1.015840354,1.047769093,1.010890715
819,0.525143442,0.9124461032,1.005743505,1.123799224,1.065660606,0.9986940534,1.044519062
820,0.5793944696,0.8998274126,0.9767782727,0.9545726897,1.13836588,1.144221547,1.043182131
821,0.5579574872,1.044616668,1.188078114,1.058140444,1.027951664,0.9783649705,1.030008626
822,0.5831438334,1.108113606,1.128210377,1.053696854,1.166595657,1.045555521,1.049694103
823,0.6164799323,1.030555453,1.027898828,1.087815561,0.9361376702,1.055684019,1.10459215
824,0.4592981996,0.9760045995,0.98239172,1.039793472,1.00897397,1.032202669,1.1821215
825,0.5539699956,0.8279236095,0.962084543,0.9343615382,1.053667116,0.9551710279,1.067541415
826,0.6044709149,1.033606464,1.179300476,1.076524757,0.9584858625,1.216584376,1.123446806
827,0.5881235032,1.163318103,0.9005891261,1.070325566,1.002602015,1.160096273,1.17022311
828,0.5104499814,0.7516951197,1.064997854,0.9556957311,1.00694708,1.040288291,0.9911361784
829,0.5468110136,0.8786343428,0.9146054831,0.8848247047,1.019165292,1.043558188,0.9332759261
830,0.5196152863,0.9083039725,0.9895588705,1.00566892,0.8098497457,0.9854534718,0.9016539567
831,0.6050582066,1.090982991,1.062588425,1.193365271,1.123281892,1.057365343,1.099681209
832,0.5064262049,0.8430276029,0.9819163421,0.9548263095,0.9018466431,1.028795776,1.080524453
833,0.5978744167,0.8915793924,0.9070706194,0.9034336286,0.9774343316,1.010457719,1.03255993
834,0.5906048044,0.9082789101,0.9739105915,0.9123987671,0.9868408279,0.9169796864,0.9928787247
835,0.598326713,0.9176161719,1.018587011,1.028757781,1.043955022,1.017272308,1.019028612
836,0.6185396016,1.047648811,1.009452179,1.14067112,1.124411626,1.058705746,1.08949228
837,0.5230489615,0.8477665677,1.04039567,0.8195317292,1.011891971,1.019873156,1.16919779
838,0.536945699,1.069341231,0.8426239722,0.9980268299,0.9351795343,0.8971898111,1.042344935
839,0.4977585713,0.9776665743,0.9863960599,0.8642230242,0.9204006682,1.091058373,0.9808570836
840,0.5648264497,1.005137384,0.9380354585,0.9840719604,0.9570478632,1.007178895,0.9389684239
841,0.5860771257,0.999992174,1.130085687,1.040300033,1.158712108,1.109815358,1.169387895
842,0.5305601179,1.00776921,0.9240885884,1.123439405,0.9311212799,1.150529409,1.155768197
843,0.5912592981,0.9366935294,1.096479189,0.9560360635,0.9641141493,1.049746714,1.139729605
844,0.55746436,1.086335758,0.9895556075,1.052566235,1.002498374,0.9856002464,0.9492527205
845,0.550867237,0.9192290541,1.135466592,1.016151926,1.078359547,1.115146956,1.097644962
846,0.5556190965,0.9640277756,0.8740795736,0.9404457724,0.9215802733,0.929934766,0.9079321446
847,0.4800397675,0.9249607542,0.8383670415,0.9536849017,0.8919352994,1.007325759,1.111929205
848,0.5427692259,0.9601349463,0.8757578911,0.8871636844,0.9469579112,1.308130413,1.078801371
849,0.568072762,1.027685486,0.9867642588,1.092926297,0.9944737973,1.017752467,1.085507217
850,0.5928256822,0.9281396263,0.957392689,1.107345851,1.034636257,1.033962626,1.053677904
851,0.5649817573,0.9687288165,1.043920252,1.115707148,1.127958005,1.088288977,1.078007346
852,0.6408458949,0.8841286738,1.21664663,0.988259708,1.012829811,1.033755733,1.062788515
853,0.5053576825,0.9513782177,0.885399561,1.057614084,0.8739179809,1.133458301,0.8775715079
854,0.5504418521,1.061098527,1.036323711,1.111594427,1.078812018,1.056461895,1.186769312
855,0.5037436158,0.9910908896,0.9830176368,1.015124174,1.152458765,1.176666267,1.119655869
856,0.5677989022,0.927083439,1.159004593,1.013421504,1.042113232,1.049276485,1.012105172
857,0.5233473463,0.9840217529,0.9977538139,0.9748992159,1.072993476,1.00994403,1.092291391
858,0.5344367042,0.9564616658,1.061943821,1.011546177,0.9544082839,0.9976399305,1.073208907
859,0.4622261378,0.8491043251,0.934126924,0.9353908037,0.8820707559,1.16537487,0.9420920142
860,0.5735781488,1.009866034,0.9564300223,0.9532035562,0.998296286,0.9826000209,1.021510184
861,0.5683922589,1.069236712,0.9559754567,1.031693889,1.132755566,1.012355768,1.079373285
862,0.5019950811,0.8408243892,1.053543751,0.9090570854,1.00366435,1.03113523,0.9587812946
863,0.5690328914,1.007462747,1.011153843,1.122275106,1.017144841,1.076302306,1.112409529
864,0.5608547235,0.9241880976,0.9565852706,1.038726477,0.885288296,1.023020889,0.9911143431
865,0.6042016632,0.9059924886,1.022177192,0.9507509668,1.023275852,1.122184659,1.073704908
866,0.5403958513,0.9004456254,0.9471065279,1.063839971,1.041074782,1.097045965,1.060070751
867,0.5125836143,1.003590652,0.9733207348,0.9987339491,0.9060237818,0.9634825978,1.013126343
868,0.4885747478,0.9370883106,1.091568358,0.8999171038,0.9426968734,0.8360033901,0.9549381701
869,0.5681058033,1.015573272,0.8963355908,1.017283777,1.129377145,0.9311701313,1.216857919
870,0.5153296961,0.9770016985,1.075009627,0.9386639041,1.010560533,1.05518185,1.044594488
871,0.5648742772,1.157424954,0.9531560452,0.9997677761,1.10488886,1.110957896,1.030164154
872,0.4799006624,0.9241684016,0.8206864409,0.9720809931,0.9369483135,1.025810393,1.040826742
873,0.4836463301,1.015131014,1.021408337,0.8596837261,0.9655548096,0.9870893325,0.956025565
874,0.5476487466,0.9868949315,1.099053659,1.080339933,1.032716009,1.010777051,1.103228719
875,0.5087962403,0.8290085552,1.012348764,0.9756786132,0.8816841491,0.9901673759,1.061132346
876,0.5298581156,0.784123924,1.051471666,0.970606786,0.8541868167,1.038616959,0.9889886607
877,0.6058130321,1.216789459,1.001923696,0.8869868482,1.196550505,1.071623149,1.151560209
878,0.5198530781,0.957625751,1.134632774,1.117711842,0.9288945171,0.9876529235,1.098883152
879,0.5781587585,0.9348350675,1.031169781,0.9617328842,1.011586283,0.9298157602,0.998541522
880,0.6109604465,0.8752089315,1.079374574,1.010999076,0.8383032329,1.185199245,1.078162863
881,0.5922216004,0.9606706918,0.9283643072,1.072321713,0.9714375576,1.060241407,0.9911439895
882,0.5685269304,1.005888853,1.176461574,1.13539001,1.020856197,1.057143346,1.197663265
883,0.5234894385,0.9191924307,0.9610663278,0.9781627877,0.8260867731,0.9875563091,1.09986957
884,0.560392523,1.020321862,0.9335152919,1.16555121,1.157896091,0.9997256832,1.181387581
885,0.4930231671,0.9417366367,1.080871162,1.243585047,1.057586315,1.080289647,1.120675293
886,0.5733207221,0.8131490424,1.055476777,0.9292754008,0.9488309683,1.013841173,0.9561788893
887,0.5285339936,1.094247019,1.110479989,0.9205870632,1.10740395,1.150415374,0.9897663432
888,0.574324823,1.177486591,1.116640314,1.144134487,1.093112455,1.033899594,1.220239505
889,0.5416591986,1.262750313,0.9223082034,1.08101233,1.023387288,1.076821727,1.01714629
890,0.5616967824,0.8874280408,1.044161399,1.017282301,1.017100241,1.042202823,1.053714917
891,0.5913907126,1.081824703,1.204556114,1.085406476,1.001648936,1.038362146,1.084959539
892,0.5999057535,1.045114106,1.0999861,0.9447224291,0.9244173218,1.035308321,0.9690901213
893,0.5877908045,1.068856184,1.171344743,1.010309767,1.025409583,0.9660020221,1.03309743
894,0.5916543102,0.8915796028,1.191037692,0.8887436186,0.9754123384,1.070472533,1.005362173
895,0.5996297946,1.012641935,1.113801428,1.074047287,1.01232765,1.205602766,1.025623836
896,0.5481178021,1.019244625,0.9850079246,0.9388327797,0.9952321827,1.085005101,1.039194296
897,0.5652124389,1.019057169,0.913526617,1.072956437,0.9845759853,1.086545149,0.9801172693
898,0.5388003331,1.022714077,0.9252126183,1.085821435,1.047734541,1.035866824,0.9999769576
899,0.5839738257,0.9448795473,1.187618556,1.159351348,1.335980119,1.031038761,1.16288902
900,0.5952711795,0.8597898661,0.9843433122,0.8404185928,1.094201737,0.9671074044,0.9832849068
901,0.5454659002,0.9412013985,0.9721206358,1.003568213,1.093649766,1.287619353,1.060569179
902,0.5312585435,0.8266631492,0.8297643519,0.9307125988,0.8813834893,1.033093531,0.9477335376
903,0.5578509002,0.9566287737,0.9343633566,1.071019188,0.8806626413,0.9638706091,0.9960106488
904,0.4645887539,1.125236509,1.154489471,0.9997460711,1.051622982,1.019196934,1.039709029
905,0.5430666717,0.9220521913,1.113724206,1.067627907,0.9375867043,0.9933132807,1.051471549
906,0.5969769748,0.9718517551,1.034155361,1.022191777,0.8904774704,1.112075358,1.110659916
907,0.4750901123,0.9668551123,0.9741917732,0.948051168,0.9837146482,1.031519134,1.098879477
908,0.5621015298,1.050038309,1.167373975,1.041618252,1.020116991,1.078920891,1.000625446
909,0.6100591206,1.018951151,1.090990432,1.036557544,1.080168958,0.9385674255,1.031871966
910,0.5249519903,0.9085655706,0.9814136643,1.009621203,0.996514377,0.9075287334,1.105016541
911,0.582568442,0.9801228014,0.9393776956,0.9485939066,0.9647014649,1.092819045,0.9153158763
912,0.5235073601,1.051561761,1.061589585,1.067563256,1.054087389,1.066281699,0.9674674533
913,0.62410642,0.9647779981,0.9080310687,1.087696189,0.9998281284,0.9098742305,0.8944651852
914,0.5492757869,1.005526957,1.040415097,0.9704044161,0.9857266135,1.097044318,1.131151734
915,0.57803192,1.057342394,1.191511569,1.241324048,0.9379610678,1.197154721,1.18172677
916,0.5727225318,0.9676913572,1.017031952,1.184731733,1.097535918,0.9569701931,1.055417693
917,0.5921306813,1.007733239,1.172649093,0.9663051059,1.127721297,0.9864858027,1.042729584
918,0.6147288501,0.9210245621,1.106363038,0.9703488742,1.002860296,0.9121484711,1.02747446
919,0.5188147033,1.014802209,1.110167256,1.053608964,1.057288576,1.050568718,0.9862614194
920,0.6400750919,1.098472786,1.125701948,0.9742426215,1.197640295,1.156152845,1.170230622
921,0.6001080397,0.9003700497,1.191116873,0.9230894767,0.9856885913,1.003901286,1.044050536
922,0.5640813904,1.086577004,0.9971802582,1.098270057,0.9796762132,1.158317854,0.9946063235
923,0.5187775131,0.8986171833,1.193730827,0.9070226765,1.068174571,0.9485899163,0.9423432101
924,0.5087040659,1.105880834,1.032333849,1.127769232,0.9869383128,1.231684132,1.12244499
925,0.561526036,1.080394925,0.9662638691,0.9863273435,0.9963858268,0.9915562243,1.070381065
926,0.5091268788,0.9163934397,0.918310754,0.9619321193,0.8715546269,1.04800791,0.902401153
927,0.5226575265,1.010730057,1.257209482,0.9607335003,1.019489836,0.9762538191,1.032594445
928,0.4934833476,0.8998462211,0.9556330447,0.9531533991,0.9244484086,1.04845699,0.8631793244
929,0.523217284,1.112632708,0.8785993672,0.9286058135,0.940724698,1.071020976,1.082903721
930,0.4983016485,0.9256369859,0.8112644276,1.034554632,0.8106891941,0.9954370561,0.9527790199
931,0.5874741438,1.07714585,1.136168219,1.111045773,1.023957468,1.09894581,1.025781625
932,0.5466542002,1.018265634,1.078539569,1.018837471,1.017602751,0.9395011856,0.9781448873
933,0.5236875644,1.042809643,1.010963309,1.119745891,0.9499277394,1.047194224,1.024769754
934,0.5931548566,0.9221658315,1.078198387,1.034084285,1.09817509,1.083777302,1.046205462
935,0.5396589131,0.9488961732,1.1653604,0.8485107525,1.10298841,1.02510616,0.9011809478
936,0.6112509505,1.074222785,1.157856864,1.128573784,0.9134840745,1.060059028,1.067808489
937,0.5048416736,0.9715044858,1.060374142,1.032411925,1.080940367,1.060268488,1.023413452
938,0.5552257162,0.9334298659,1.079876741,1.055284106,1.059173478,1.024589294,1.18244737
939,0.51889721,1.068269386,0.994205911,0.9733812668,0.9983124648,1.011773926,0.9311810735
940,0.4904311704,0.9758095951,0.8389203333,0.9565051458,0.9616440705,0.9778628003,1.086544353
941,0.551909894,1.029909254,0.8458602729,0.930911403,0.9723838881,1.012606298,0.909124546
942,0.6329415432,1.032635091,1.058382407,1.046411518,1.123683592,1.106634967,1.157320329
943,0.5681863117,0.910996636,0.9977441392,1.054488015,1.096597801,1.012977715,0.9921345443
944,0.599261966,0.9130166298,0.9582149805,1.028625701,1.154335711,0.8826987458,1.007280099
945,0.5477140813,0.9279550388,0.9833338304,1.021037341,1.087072755,0.9467256469,0.8974059685
946,0.4577260333,0.8520772605,1.008474065,0.8354704218,1.048358851,0.9959788377,0.9238343098
947,0.5575605139,0.9781084475,0.8652422777,0.9886986347,0.9813975866,1.078253782,1.17879189
948,0.562496987,1.018458348,1.140563268,1.056222642,0.9700596165,1.043745829,1.063134878
949,0.5285037618,0.9399988167,1.035945621,1.100534006,1.114353507,1.028066018,1.076319865
950,0.557937602,0.999195242,1.04232469,1.024130084,1.098301844,1.036150947,1.051817371
951,0.4593472696,0.8977433279,0.9709094527,0.877847451,1.011664653,0.9670747955,0.9403491068
952,0.5508975657,1.011601988,1.096505041,1.030608349,0.9466365703,0.979798143,1.140779824
953,0.6016016318,0.9821740393,0.8905610581,0.956722557,0.9092646776,1.01050038,1.049385412
954,0.5622807686,1.000901672,1.025710619,1.11440318,0.9889403623,1.045549786,0.9946705593
955,0.5396115615,0.9858648207,0.9309974873,1.051684176,0.9485091922,1.118335875,1.047069495
956,0.5254386469,0.9334134741,1.126673634,1.141066534,0.9368959507,1.07310618,1.134277987
957,0.5040393893,1.054217781,1.160375018,0.966012351,0.9722747169,1.050797835,0.9195400468
958,0.5497380968,0.8919764353,1.063000527,1.028035617,1.077592742,1.054808288,0.9614066568
959,0.5556770571,0.9987999797,1.113313918,0.8663647235,1.109551818,0.9520881688,1.030337134
960,0.6231046228,0.8627782834,0.9452634947,0.9206426121,1.000075213,0.9783201154,0.950280991
961,0.4744766297,1.027746816,0.9414555312,0.9869796104,1.063881018,1.121812448,1.033130008
962,0.4976258524,0.9645647565,0.921437377,1.035987722,1.075448939,1.168651809,0.8493852186
963,0.5575765029,0.9312226006,1.139064557,1.069666032,1.058182006,1.106581522,1.097899481
964,0.5558855724,1.022245811,1.085115688,1.099478807,1.020613236,1.007634575,1.019326959
965,0.5831219306,1.119279843,1.105800907,1.018136521,1.065620655,1.089710457,1.090754515
966,0.5907480386,1.086073125,1.039545614,0.8876879688,0.9926567133,1.081221591,1.117638317
967,0.4919025965,0.9350261757,1.037162729,1.060829612,1.360856304,1.000903884,0.9422298949
968,0.5646049771,1.095715507,1.031468871,1.196553954,1.090127915,1.077151811,1.036387311
969,0.5931142949,0.9912917161,1.110906511,0.9960332891,0.9321717215,0.9465336621,1.03843301
970,0.4620702524,1.079035272,0.932300022,0.9819131963,0.9932921319,0.9156200866,0.8278376878
971,0.5249462826,1.003937786,1.192000013,1.131495221,0.9652123657,0.9815394698,1.150593902
972,0.5649450514,0.8708305891,1.082181469,1.15799846,1.264708856,1.203392349,1.020915936
973,0.5147835093,0.9253428552,1.081089384,0.8984085041,1.002070367,1.023911123,1.034484694
974,0.5299856685,0.9214420314,1.032936236,1.059956135,0.8169173147,0.9747381743,0.9756963469
975,0.5841036271,1.005086661,1.101340022,1.114346537,1.25546796,1.206151025,1.168358068
976,0.5388558387,1.034429346,1.007490071,1.012524,0.9825441254,1.027174309,0.9978416312
977,0.5544569094,1.017896053,0.9378743346,1.081074497,0.9378341907,0.9533660557,0.9611332982
978,0.5676009067,0.9641703676,1.018999812,1.065299331,0.9858378987,1.074345137,1.123116729
979,0.5653996214,1.030805072,0.9372001645,0.9932222585,0.9596586206,1.032275466,0.9841632911
980,0.4865221467,0.9181705422,1.126365655,0.9405531039,0.9473772953,0.9507817228,1.102365913
981,0.5075013693,0.9069755891,0.9653822982,1.061093078,0.8812119961,1.017245186,1.022918931
982,0.5677679176,1.106114965,1.022434502,0.962793915,0.9427326879,1.039968466,1.043299661
983,0.5187426074,0.9940415397,1.006952774,1.003612044,1.057214667,1.0138565,1.106154738
984,0.5143870572,0.9060667457,1.140615265,1.023611951,0.942170981,0.9435031076,0.9856123913
985,0.5901285588,0.9017455673,1.150527251,0.9226422907,0.9054026146,0.8873641879,1.072859829
986,0.5604024583,0.794287512,0.9809845752,0.9619967614,0.9060042866,1.000930748,1.090888699
987,0.5193081994,0.9773775776,0.9901091362,1.182185068,0.9157269137,0.9269522421,0.9877129995
988,0.4919142284,0.9740058645,1.076804074,1.042528406,0.9453598594,1.07815453,0.9358176027
989,0.5300093746,0.9360762117,0.8973752816,1.075577468,1.077582626,1.071493967,1.027546901
990,0.5628897232,0.913024783,1.064949564,1.148533991,0.9078032948,0.9583523576,0.966309757
991,0.5522611003,1.013203337,0.8867695353,0.942346236,0.9092220864,1.051694883,1.082232634
992,0.4977549711,0.9288141492,1.175948277,0.931953902,1.081299816,1.066118788,1.138416855
993,0.6177532382,1.020951107,0.9914082902,1.03888071,1.001704104,1.156350242,1.177445257
994,0.5125095171,0.9287314406,1.023077597,1.0479019,1.160834796,1.148262732,1.04415928
995,0.5254485893,1.034263537,0.9808813424,1.1623731,1.156786763,1.105788279,1.086871102
996,0.494439479,0.9387537387,0.8871970343,1.148673489,0.8753635031,1.028031508,0.9223858962
997,0.5942429281,1.095524839,1.069306223,0.9901831427,0.9814247542,1.114402014,1.051148527
998,0.5917589287,1.209701423,1.110092166,1.268574902,1.018998557,1.16359578,0.9953009504
999,0.5783927834,1.029507399,1.154973915,1.24348422,0.9027521705,0.9449672932,1.070097499
1000,0.5781387777,1.153619996,1.007718123,1.102788243,0.9129961034,0.9624090551,1.182723392
