"Respondent","price","ff2","ff3","feat2","feat3"
1,-0.376085396,-0.2941120863,0.3082811873,0.78874711,1.347667722
2,-2.01847667,0.0941759814,-0.1551423661,0.8147021112,2.543168072
3,-1.674577903,1.863033621,0.05269472028,0.2746560575,1.966613618
4,-1.020428958,0.9473917329,0.6756802966,3.200291592,0.1347021256
5,-1.019306741,2.378094798,0.364078325,1.854608543,1.711631869
6,-1.641600042,-0.4953882482,1.913124083,0.7655397044,1.278114503
7,-1.056401163,-0.05846705608,1.242871888,0.8447319466,3.145735795
8,-1.161004866,-0.5783388152,0.1161169237,-0.06704410815,3.771676965
9,-1.534271545,-1.302853623,1.008684877,2.014545984,2.559401298
10,-1.27226682,0.5259130886,0.6808063264,1.77875794,2.903354381
11,-1.578266546,-0.5296525915,1.411179516,2.155326311,1.618877752
12,-0.8084398222,0.7373577826,2.049745704,0.641339162,2.619989479
13,-1.390294788,0.2631235715,0.5079809587,-0.5938337231,2.284045502
14,-0.3972642957,-1.021166124,0.5940675729,2.194539158,2.060795877
15,-1.183800016,-0.4134991885,2.137283555,2.237413359,2.035907087
16,-1.78611784,-1.334663776,1.111209696,0.4635420542,2.966473592
17,-1.34855829,1.072097896,0.3295529144,1.663442924,3.312929112
18,-0.9916766424,0.9556378774,1.270746038,2.339521747,1.241032007
19,-1.115700206,-0.4556270822,0.3187392911,2.368312461,1.007879871
20,-1.409818382,-1.186239675,-0.8816285737,1.201152243,0.9165415011
21,-1.229425414,-0.1322839651,1.135962123,0.7420666991,2.986892394
22,-1.364158852,0.5249821791,0.7985331248,0.5488440867,3.012505392
23,-1.703500859,-1.443822517,1.955477091,0.8005096241,0.8731101331
24,-1.493212644,0.9343680264,-1.178720579,0.8483367612,1.962487163
25,-1.511741613,0.9236483087,1.475477028,2.205054579,2.052214561
26,-0.6652176783,-0.2205003765,1.100060055,0.6299043613,2.633668628
27,-1.075571354,1.196205396,-0.8724011825,1.414414219,1.596447243
28,-0.8937020024,0.5393336484,0.3517841545,0.5377570043,3.739947178
29,-1.110755918,-0.8805005315,2.103037948,1.457380008,1.682606844
30,-0.7006131971,2.030433452,1.310753785,0.09588445467,2.60927039
31,-1.225659444,1.65208225,1.062828031,0.3997099341,2.428152122
32,-1.117131478,-0.06739287188,2.13120462,1.231145077,2.193118531
33,-1.336763384,0.2761612844,2.103296042,1.91683783,0.1209660045
34,-0.5806910715,-0.4157483494,1.229965919,1.052005532,1.394569101
35,-1.341969518,0.6492336844,0.9445107288,2.108453628,1.230779752
36,-0.6327385554,-0.6203240336,-0.5737644503,0.3225592489,3.006557202
37,-1.144839178,-0.7539280342,0.7822733366,0.8730686147,2.764129385
38,-1.228891527,-1.344261611,0.6586133772,0.4993718752,3.308483363
39,-0.5724212462,-0.05410471481,0.01350528738,1.799212987,2.590691546
40,-0.9129100159,-0.4469808584,0.2829706102,0.5278529745,1.728411805
41,-1.824328577,-0.863966325,0.935295263,1.243437802,1.29151665
42,-1.87651431,-0.3026988856,1.013979378,0.5227279904,2.840576152
43,-0.9105140026,-1.602515391,0.8429428174,1.519890941,0.946993957
44,-1.390826203,0.7665650421,0.4418042521,1.12090055,1.60521582
45,-1.664200823,0.2154737497,1.27660643,0.3962289411,3.485839949
46,-1.61135804,-0.6319079135,1.818382056,2.26174363,1.416439429
47,-1.194075572,-0.4067761545,1.615628104,1.215877104,3.032651035
48,-0.823281534,-1.887591974,0.3211812865,1.822807719,1.775638881
49,-1.177317615,-0.3659275646,0.3511195485,1.389659992,1.369513197
50,-0.2114025909,-1.451264641,1.818511662,0.06271348622,1.86629365
51,-1.267081423,-1.061489758,2.427938338,-0.05583393611,3.704100448
52,-2.016408124,0.8271011481,0.5224825922,2.0024025,1.494549805
53,-1.005731214,-1.044940397,2.692013648,1.471283984,0.8425746475
54,-1.231554061,-0.4126310315,1.527566098,2.941346397,1.484910394
55,-1.261169408,-0.01866495306,0.9120449495,0.00505791851,3.03312578
56,-2.133880266,0.004182152233,0.5519872346,1.651463098,2.405712792
57,-1.379807668,0.6590318029,-0.3091425858,0.996206472,2.855132545
58,-1.218142999,0.3643535986,0.9678442854,1.69436579,1.195170288
59,-1.220204566,1.834574767,0.02393570587,0.7083090021,3.430863263
60,-0.1331311269,-0.4941049437,1.296198788,0.7081531746,2.390629844
61,-1.586780066,-0.3616592189,2.510879103,0.9388152309,2.708148468
62,-1.400986997,1.176956179,-0.03288011008,0.8428716036,2.835800321
63,-1.227254528,0.4099272717,0.03841796289,1.557021755,2.017860619
64,-1.869656726,-0.3129161686,1.132071168,0.5673796268,1.55078601
65,-1.604925529,-1.674031995,0.3757628992,1.5027571,2.031494781
66,-0.5128428683,0.461356226,0.9208185647,1.181634623,2.21042466
67,-1.377948172,0.4581686424,1.194203725,2.708110286,1.213020964
68,-0.3433010781,2.20738517,0.3193018198,0.6053986772,2.61727541
69,-1.119356649,-0.239477377,0.4113892719,1.345333501,-0.02172478108
70,-1.345589672,0.00742728093,2.010424506,2.239258636,2.827641404
71,-0.6173776258,0.7495062807,0.6637952989,0.2423799229,3.296486089
72,-1.338894383,1.166870655,1.287235001,0.6378823647,2.928867196
73,-1.481713674,-0.1937195456,1.600196055,0.9713382631,3.05975114
74,-1.562572589,-0.1631647041,1.868856716,-0.4685412557,1.308536121
75,-1.053294595,-0.3502724079,0.3165889616,2.030990527,2.546722376
76,-1.389743982,1.030880783,0.1195473231,0.1131424569,3.268721379
77,-1.516637474,0.5779223684,-0.02274701819,1.820082539,0.9736797131
78,-1.118757233,-0.8982725638,1.297272408,1.465615379,0.4258762588
79,-2.095693635,-0.4762554701,1.401061242,1.049308437,1.502231618
80,-1.993242899,0.427125247,0.2946861976,2.295779642,1.754735644
81,-0.9092872221,1.538796153,-0.856194905,1.746106148,3.178542409
82,-1.51770214,0.1841603466,1.269176789,1.539561187,1.673397363
83,-1.7496446,0.2042365837,-0.07854384433,1.183567501,1.417249685
84,-1.979777123,0.3344604654,1.393731118,0.06285474729,2.594476489
85,-2.060930248,0.5628041488,-0.05371162583,0.7488648999,1.336951772
86,-1.12843207,-0.2509095066,1.117270721,0.06799036713,3.945481317
87,-1.751845651,-0.2837306747,0.7484798659,-0.3159926528,2.310537995
88,-2.031894216,-0.1417709569,0.2038638024,0.4716491652,1.531446055
89,-0.8156723249,-0.5069097824,1.711295421,-0.8511375752,2.577199224
90,-1.783860187,0.8932637638,1.243834822,1.69425241,0.6771161682
91,-1.342979742,0.2042794229,-0.5189899051,-0.4002738897,3.120599133
92,-1.723096887,0.9863193298,-0.8602602027,1.453108677,1.245364514
93,-1.149938054,1.79224688,-0.6986654454,-0.3996418447,1.710505366
94,-1.221546228,1.277647377,0.2295660316,0.6320322877,3.090063182
95,-2.064580895,-0.6375507476,0.545278874,0.6381306611,1.203231918
96,-1.468207638,0.7387124698,0.1313046136,2.657467705,1.256865336
97,-1.861444302,-0.2367704141,1.09024051,0.6238055631,2.469731298
98,-0.4859859429,-0.6976227055,-1.173497297,1.815715595,1.297359347
99,-1.969115922,0.7898358713,-0.7545726999,1.923916016,2.184380599
100,-1.209140818,0.2396053238,1.934929814,1.106884904,1.677798683
101,-1.926939014,-0.6262425439,-0.7764901739,0.5466339587,2.493145616
102,-1.897633126,-0.09208572527,1.561488952,0.6368014885,1.238991786
103,-1.490018152,1.161806336,1.539380838,1.498610959,1.211439522
104,-0.5501186375,-1.372660147,0.8902872466,0.6580691654,2.799974582
105,-1.606251236,-0.1809780226,2.18045072,1.195637264,3.123269598
106,-1.435761525,-0.8501583691,2.323069352,0.5385380808,2.443166454
107,-1.020761281,-0.08993208997,0.07896258627,0.5364926436,1.757410752
108,-1.209915762,-1.267129498,0.271091319,1.119240098,2.184954326
109,-1.528006249,-0.08845278787,-0.651369651,0.5817713099,2.70687234
110,-1.417370034,-1.207667792,2.870810933,1.650491521,1.329566354
111,-1.122805736,-0.4409197014,0.04483928157,2.156470646,2.330182347
112,-2.072208643,-0.2852807807,1.250173098,1.370485379,1.900707402
113,-0.9745259286,-1.234645786,1.415999226,2.121579682,2.223491782
114,-1.485225317,1.037243129,0.9698821354,1.374999467,0.6462034335
115,-0.7027813585,-0.3265282849,1.557306315,1.168946619,3.180523291
116,-1.684863072,-0.8134304539,1.917540816,0.4677232194,0.1585014223
117,-1.249560584,-0.210706731,1.208060779,-0.3593815463,3.221323998
118,-0.9394510161,1.254162139,-0.9311145824,0.3320062788,0.6746302156
119,-1.063906723,0.9444394116,0.5766982646,0.5332168399,0.4507461068
120,-0.5529783912,-0.7367246922,1.727072794,1.323533799,2.111094722
121,-1.367792118,0.4531195455,1.278951636,0.4816227905,2.449360126
122,-0.8200533643,1.61815126,0.628394133,1.686944884,2.532595826
123,-1.975693559,0.01372325176,1.327738962,1.935023778,1.123041147
124,-1.22436076,-0.6207535021,0.6536881822,1.085632302,3.758668214
125,-1.166111234,0.2242465188,0.2852992336,0.002001821184,1.854077734
126,-1.587676892,-0.3352574427,1.98595962,2.327997236,0.7842692194
127,-0.9151947774,1.162517694,0.9240114759,1.975829029,0.4582765796
128,-1.34463866,-0.1098352961,1.647171264,0.25717102,2.190073107
129,-1.85211251,-0.838081391,-0.3428538657,0.7539564902,3.01810706
130,-1.153763656,1.000367764,-0.5809091917,2.987334228,1.427585426
131,-1.391224843,0.7274389513,0.8182189729,2.026911342,3.682452781
132,-0.9810995379,-0.313452218,1.128188947,0.5826999845,2.52987231
133,-1.397891228,0.7149730841,0.5668634004,1.392731909,3.172711676
134,-0.9304534428,0.6578379677,0.8216136727,0.8834423054,1.78683051
135,-0.3656050301,-0.4706959465,2.467872638,2.246638514,2.145090369
136,-1.154850425,-1.008690713,1.301797794,1.34667859,2.551948495
137,-1.352331582,-0.2543368603,-0.3563493164,1.039751204,1.786792441
138,-1.113798775,1.958665606,-0.4531585308,1.84255743,2.798654363
139,-1.898047248,-0.1203391581,0.9494491757,1.613624949,0.3873319219
140,-1.938667951,0.3645708439,0.06556634101,1.451271608,2.165799511
141,-0.8674500101,1.212543327,-0.1819438839,1.329760102,2.561244805
142,-1.662926097,0.425433711,-0.2244928805,0.1488494941,2.72066626
143,-1.55811529,1.702651546,1.4895775,0.8413103123,0.5568075588
144,-1.510149827,-0.6558939558,0.2523614912,2.227596927,2.198625481
145,-1.150002852,1.05957947,1.481263079,2.232756682,1.496857186
146,-0.8946908269,0.7937913885,-1.106030519,1.997805227,2.902701519
147,-1.584781495,-0.5906412235,1.261482274,1.576050892,-0.128345561
148,-1.213110929,0.3915488102,1.468285332,1.450460022,1.621375832
149,-1.045908412,-0.1398900914,3.229770327,1.557102706,0.8790493085
150,-1.516824937,1.168712204,-1.140721346,1.567776413,2.125794526
151,-1.897800168,-0.1596192609,-0.7176117364,1.2768885,1.15156845
152,-1.191616009,1.4717307,0.320552869,0.2360441753,3.371286691
153,-0.7420463335,-0.4758921765,1.645398198,2.552252197,1.325071843
154,-1.533043729,1.163044385,0.03753606551,2.29238629,2.076905437
155,-1.290599286,1.319896268,-0.645982418,2.825056008,0.8300132294
156,-0.7486205221,0.369335618,0.8319911313,0.5732471076,3.268885214
157,-1.772008036,1.140738729,0.8024383936,-0.234848617,1.940038687
158,-2.059368584,0.7097336918,2.13335705,1.637458058,1.881209471
159,-0.6212213098,-0.3788532008,1.380077628,-0.430412604,3.573149743
160,-1.515853846,0.03798781676,0.5104613758,2.659997343,2.568295044
161,-1.102753924,0.2338305164,0.6058544835,-0.1908949064,1.543244565
162,-1.039627587,0.6633358808,1.657558433,0.8419494353,0.5478839882
163,-1.544726095,-1.478319753,-0.624677231,-0.1268902487,2.310302769
164,-0.6923885874,0.3922691052,0.9470069452,2.183676377,1.122949976
165,-0.8322124314,-0.1482601149,1.509127383,0.9939097153,1.972131125
166,-0.5445483029,1.090111425,1.672308656,2.738726166,1.181699374
167,-2.070326033,-0.5701145074,0.7703331546,1.509860384,2.181855803
168,-1.275497424,-0.6405447038,2.154761302,0.3194575377,2.948556228
169,-2.124600281,-0.4540807949,1.312926376,2.118210734,1.679916253
170,-0.9272146524,1.550493452,-0.8095765323,1.641521581,-0.1302977286
171,-1.545922159,-0.02780228879,1.317687371,2.642772478,0.7516678055
172,-1.845444966,-0.5565080349,2.082085724,1.477205591,1.282112561
173,-1.843284564,1.199969505,-0.3017216654,1.634909779,1.446939214
174,-0.7578747243,-1.490697772,0.8064478395,0.8533507391,0.8170140677
175,-1.241630232,-1.263792171,1.292125728,2.360885936,1.142990818
176,-1.357087525,-0.7548781283,0.6658747285,3.126671995,1.218971385
177,-0.4101857774,0.8124854506,1.543085994,0.9293028479,3.560598488
178,-1.089578696,1.021537489,-0.2222073435,1.563803859,1.378187022
179,-1.715113337,0.4665916492,1.35050817,1.275686268,1.672723587
180,-0.9102673929,1.280589204,1.234619228,0.6840954465,2.489525466
181,-1.369892836,0.1554648715,2.303025805,0.2426807609,2.746218825
182,-0.7506663795,0.1097635975,0.9258874646,0.03184711791,2.002968394
183,-0.7059357212,0.985085153,-0.3020699999,0.04720930798,0.760577977
184,-1.274761212,1.189595647,1.770505286,1.230910343,1.2967955
185,-0.1315492623,-0.5331670514,1.156547814,0.1500373411,1.559757356
186,-1.257575768,0.6368892124,1.187361261,0.1862368398,2.643364261
187,-1.406597735,-0.318893166,1.755883692,0.150750365,1.930654244
188,-1.696193675,-0.9958754808,0.9544973196,2.390568206,1.7774958
189,-0.94496848,0.4214015189,1.410324797,1.647695742,2.794219838
190,-1.081544844,0.2364197571,0.7863429362,1.283414357,2.926457922
191,-0.7569792361,1.309759076,-0.2874386216,0.6418035802,2.800309736
192,-1.372370374,-0.1484595455,0.4641424283,1.71330816,0.8607737372
193,-1.365599934,0.1637501643,0.1780192052,-0.3060889747,1.817909424
194,-1.404256628,-0.6005161924,0.1763435601,0.6653881818,1.901146597
195,-0.948592706,-0.6135290863,1.268008995,1.032905965,2.300515889
196,-1.70104685,0.2589304326,0.1398502456,1.721110642,1.794468012
197,-1.327512585,0.5367333369,-1.184720568,2.539983408,1.4618395
198,-0.4667977554,1.221353115,1.131094778,2.651781809,1.93514955
199,-1.408413195,-0.03406466183,1.734204517,0.9273977065,3.2780874
200,-0.9937758456,-0.1792615491,0.981872444,1.416836291,0.5327803158
201,-0.9526537352,2.331056208,-0.07391342657,2.23677384,2.549164991
202,-2.108075688,-0.7299100744,0.9213641131,0.9162339102,1.803546139
203,-1.974954036,-0.1306349086,0.9567002273,1.040803729,1.712402907
204,-0.8116428874,-0.4560770169,1.017944637,2.672435748,2.021624205
205,-0.5678774372,-0.2563934264,1.025343756,1.151947892,1.33944585
206,-1.075865252,1.907044059,0.05214960388,1.544337517,2.692344855
207,-1.202369118,0.4973638678,0.06683089238,1.30113672,2.191403435
208,-1.00729429,0.6745071286,0.3009950794,0.940085446,-0.5193540953
209,-1.040742795,-0.1141171563,-1.528695543,1.54597352,1.415458649
210,-1.308988862,-0.5639514662,0.4548142314,1.395149323,2.691190352
211,-1.372286492,1.539805551,0.6855432543,1.555323634,0.9606825897
212,-1.165851073,1.790184878,0.8337681826,1.327045611,3.019460027
213,-0.5814777072,1.437214773,0.7304177759,0.5673315089,2.709899841
214,-1.0108477,-0.4917854233,0.08031989771,2.951492042,2.622666762
215,-1.067735837,-0.5035425339,-0.6661267424,2.762911472,1.101146923
216,-1.073972166,-0.1358084655,0.0424406303,0.4147256893,2.340963048
217,-1.403981337,0.7465336843,0.8384685688,0.1660876801,4.029198298
218,-1.559360691,1.905930858,1.077861009,0.1773349035,1.632405405
219,-1.280587448,0.2410776132,-0.9811399455,2.326552943,1.850696748
220,-1.997472771,0.8310769904,1.127803609,0.7454448379,1.119030382
221,-0.6024337933,-1.008658261,0.8513580075,1.398276602,0.6642737819
222,-1.011537417,-0.3795087671,0.1134157206,1.277362212,1.492187721
223,-0.7463735525,0.589850821,0.9246325412,1.075637986,3.279559092
224,-1.699553338,-1.644904976,1.130225937,1.738485084,2.63379724
225,-1.41618265,-0.8138677389,0.7536554435,0.3945797623,1.836125665
226,-0.8880018677,1.145394634,2.300141729,2.225783842,2.032646788
227,-1.499723929,0.5980236341,1.379331057,-0.1152719998,1.543058572
228,-1.612964383,0.5282653404,1.278026901,0.9824267633,2.278642882
229,-1.42467962,1.208000403,0.4331953883,2.353084208,1.299448141
230,-0.9886374975,-0.6681049808,1.98012449,0.7060895117,1.126839536
231,-1.257266862,0.8930904238,1.210915009,0.2565185352,2.214458811
232,-1.335923519,0.597004896,-0.07723420539,0.1941941323,2.920173398
233,-0.306862975,-0.7981722887,1.911756191,0.354396013,2.750996033
234,-1.471595652,1.676643509,0.2147688435,0.3233454668,1.412014224
235,-0.5487895721,-1.17525431,0.05993951879,1.238301559,-0.1680660746
236,-0.6546677372,0.1642483648,-0.8990829314,-0.107801216,2.901599269
237,-1.674350415,1.118957439,0.1766806222,2.072458226,1.329889415
238,-1.118810815,0.2751897507,1.140576275,2.894198336,1.452314167
239,-0.856288862,-0.9455241154,0.08260594099,1.933809275,1.951916183
240,-1.851779227,1.035886159,1.249836487,1.282120576,2.124950268
241,-1.666632105,1.681061753,-0.8667436051,0.76984603,2.089808173
242,-0.2451395624,-0.5064041109,0.07186325168,0.2081676373,1.600179573
243,-1.253054294,-1.505661668,-0.5805849697,1.195763637,2.118307197
244,-1.080323524,0.3367342418,0.8808793175,2.555309539,1.226297247
245,-1.441421949,0.499066376,1.661827132,0.6622246003,1.820750718
246,-2.009485857,0.8236142202,0.6048068835,0.4046716512,1.347945889
247,-0.2329720092,1.311213714,1.015580266,0.3397551788,1.054650576
248,-1.470623856,-1.015719574,0.4567384063,1.770683342,1.228555272
249,-1.568012827,0.1769365368,-0.2804945764,-0.509238851,1.386982702
250,-1.577766931,0.7797048797,1.872748744,1.531196988,1.536256243
251,-1.338321536,0.9287446651,0.3345736007,0.3701560084,3.065475009
252,-1.337439672,-1.442553815,0.818695088,0.7809347636,1.330140372
253,-1.819712665,-0.6056053807,0.5801285012,2.37388269,1.556382534
254,-1.601912558,1.562964768,-0.8283719108,1.818241037,0.9050334662
255,-1.700675642,-0.9106654353,0.3237404167,1.877240521,1.285189692
256,-1.156797701,-1.037488851,0.3394781188,0.9912138571,2.494601194
257,-0.6921522381,-0.3191947059,0.7966830561,1.270000943,1.805788243
258,-0.9366940882,-0.7263630338,1.930711428,1.85138592,0.5935278338
259,-1.632052661,-0.209373067,0.4322171093,0.7578012644,3.18062335
260,-1.199711881,2.699666201,-1.153990253,1.135542816,1.798316381
261,-0.6178367319,2.649660693,0.1845446736,0.2423627049,2.602362125
262,-1.425828274,-1.265980011,2.347018587,0.1585582004,0.4445099829
263,-1.421241607,-0.07726252789,0.2610668507,-0.5136158724,-0.670167637
264,-0.9246359035,0.5258649723,0.7458967796,0.1149470464,3.912392468
265,-1.514808579,2.226150269,0.5621343988,0.9324899178,1.649476772
266,-1.364134935,-0.3917815922,-0.05811128678,1.877810444,1.53591596
267,-0.8127888598,-0.0946964719,-0.45794696,-0.5918169055,2.227649938
268,-1.111111684,-0.8117952379,0.9086553368,2.720726455,1.865430102
269,-1.382605916,0.7197260453,0.1081197147,2.491199495,-0.4488082467
270,-1.228744276,-0.674764342,0.1417814637,2.019749089,1.242035201
271,-0.7804418451,0.273709926,-0.5011621313,1.335136377,1.464910741
272,-0.9856423123,0.4127220545,0.655274581,0.9690199992,2.469472038
273,-1.380927555,-0.3437013077,0.4881546697,1.011897943,3.606047581
274,-0.8387127884,-0.0115226089,0.7598039475,2.100546259,0.6054989984
275,-0.4790428932,-0.7036279321,0.2153496467,0.8524022652,3.065062712
276,-1.22697634,-0.5333796135,1.058895287,1.576359347,2.542293353
277,-0.8917723943,-0.02726035383,0.9115226877,2.564788757,0.2846752372
278,-2.015297829,-0.08973279573,1.544069556,0.2103685775,3.219760912
279,-1.786974526,0.568611756,-0.9394658648,0.9819511697,1.487915048
280,-1.32004768,0.2997492456,2.149321682,1.137532592,3.032024274
281,-1.948521078,0.9582918025,0.4312914652,1.232018646,1.267740859
282,-0.7584752998,-1.55423778,1.452944375,1.571511438,2.39895264
283,-1.348084342,-0.2823208568,1.213819103,1.607578858,2.34576073
284,-1.268980716,-0.06402431688,1.090118634,0.5342811354,1.930348998
285,-1.141949656,-1.667889637,2.395413231,0.4034670064,2.096680575
286,-1.187316492,1.005689859,-0.2082006043,3.059022254,0.9759436334
287,-0.2345185912,1.307400217,-1.045984117,0.1780458689,2.740817505
288,-0.9472847292,-0.2711958623,0.5899474889,0.7376250092,2.473195191
289,-1.772199177,-0.281149748,0.1216000695,2.085514088,0.4868747861
290,-1.551027038,0.4644450501,1.918582701,1.236646088,0.8618527631
291,-1.645461822,0.03276633337,0.4039212347,0.621596175,2.971522141
292,-1.388677072,-0.3887871907,1.408755122,0.4554568846,3.232371634
293,-0.8309939663,-0.0007624731548,1.537847397,0.4005235701,2.65943424
294,-1.284371257,-0.8833470077,2.985024659,2.292783026,1.26697226
295,-0.6362350305,1.302845558,1.463822751,1.839778384,0.9221870812
296,-1.684965727,1.982856595,0.4595442341,2.090805947,0.3814072902
297,-1.381082627,-1.004803481,0.3366255724,-0.1888333521,2.335742504
298,-2.051734215,0.01406553317,0.9563939853,2.015778974,1.456006285
299,-1.465669734,-0.06112706732,1.630915311,3.323793555,0.2674414417
300,-1.684986889,0.6800446306,0.4758354028,1.542667212,2.398105002
301,-1.228347294,-1.132006646,-0.3239750575,2.355537343,2.112205269
302,-1.52300763,0.4601465344,0.4678207861,1.139069216,1.81233973
303,-0.9234732364,-1.649375746,-0.9613548264,1.11470371,2.553840625
304,-1.667717739,1.858347669,2.565232593,1.009262311,1.650547049
305,-1.8682132,1.388156118,-0.2630170547,2.141568392,1.41644158
306,-1.438033593,-0.9904414377,1.141925504,1.102948151,2.064472477
307,-1.607749016,-1.123995466,1.812306043,2.202550406,1.54206576
308,-2.162380297,1.438642036,-0.5382956812,0.796089496,2.322392003
309,-0.9395733817,-1.62292466,1.154350043,2.015162177,1.10740153
310,-0.9098722742,0.9015165006,1.448863353,0.141554839,1.821003733
311,-1.144470646,-1.419900145,1.082612479,1.123389177,3.703357334
312,-0.5656380123,2.340328643,0.4454130735,0.1688974151,3.223258537
313,-1.702608777,0.1174929266,-0.4206271028,1.414189021,2.257333239
314,-0.6918256914,0.7232720098,-0.1854244894,2.168619678,0.4170002843
315,-1.18391904,-0.03154044904,0.4710989585,1.045873154,-0.1451524889
316,-1.726155211,0.6081843465,0.330642937,2.826458032,1.448191959
317,-0.7475293521,-0.9696360927,0.5390625677,1.448464392,2.600047385
318,-0.6547524175,0.04153735074,0.4398086002,2.222523219,0.05287504747
319,-1.652508352,-0.4048354995,-0.1640482738,1.703116582,2.352180682
320,-1.491053625,0.8710210597,-0.001404583673,0.571263974,0.8345781576
321,-1.792324357,0.9511174805,1.66807105,1.857987686,2.033498606
322,-0.9977988088,0.3913772908,0.1701446858,2.619279048,-0.132454042
323,-1.357328075,0.5236235873,-0.2994800141,1.439018224,0.8699099409
324,-0.4434274069,-0.8728273354,3.378351509,1.516811513,2.437947457
325,-1.101444951,-0.5238766043,-0.1463394661,0.9131844271,2.29912916
326,-1.405416504,0.9592931134,-0.5243261395,2.930626084,0.02890746748
327,-0.8544744309,0.3237435709,-0.09242161404,-0.1149615027,2.149492367
328,-0.9096553792,0.354768114,2.293738002,1.651341923,2.192011336
329,-1.199209402,-1.106548481,1.897114082,2.089862828,2.148396939
330,-1.989970389,-0.650678998,0.5142145358,1.632956879,0.8319478535
331,-1.012401565,-0.4788432005,2.115803334,0.7325142518,3.102455332
332,-0.794849301,-0.6750248015,1.214269717,1.949189918,2.38149655
333,-2.126186761,0.03512670808,1.047473714,1.158693007,1.485809295
334,-0.6308366788,-2.046039099,0.9656786603,-0.2853600674,-0.327885408
335,-1.224614068,1.795727823,0.6532318996,1.328442837,1.340927861
336,-0.8521989455,0.1532964593,0.9490236989,-0.118476117,2.211939484
337,-1.295325994,0.03152724799,-1.377807828,1.37606997,1.434055843
338,-1.686792117,-0.4383506584,0.9674795159,2.408226983,2.018809922
339,-1.19940171,1.217261938,0.3305712932,0.7632856975,3.508130662
340,-0.8091733847,2.219733006,-0.7916325932,2.392569856,1.380894724
341,-0.8800534679,1.776120746,0.2714826443,-0.1055671553,2.300666528
342,-0.8485405374,0.5597144227,2.451266206,2.454302079,2.043891751
343,-1.339040512,0.2213287901,-0.8107699516,0.9273539819,3.108884408
344,-0.7393215558,0.2237824489,-0.616563594,1.506938116,3.228087543
345,-0.6855354671,2.194888039,-0.4964128175,-0.1683969339,2.728441898
346,-2.1446094,0.3455463507,1.545546023,1.445096925,1.276412299
347,-0.4724466071,1.242988718,-0.9951480639,-0.03393512228,0.7045911643
348,-1.568075542,-0.08352662994,0.03818530434,2.33670946,2.270618243
349,-1.514017401,0.2920704551,1.520154819,0.5135136374,3.189745375
350,-0.6742423026,0.3784177344,-0.5601322248,1.178012627,2.185330356
351,-1.610773831,-0.8086628935,1.53478426,0.85966207,3.178815689
352,-1.118948586,-0.02115293098,0.4017369923,1.688394053,3.1900905
353,-1.601131425,0.113478772,0.05809826025,2.924433903,2.319876271
354,-1.838557247,-0.2747698206,-0.3792016829,1.328072083,2.394092554
355,-1.428587172,1.19389229,0.9662491618,0.2355599789,2.244621097
356,-0.07520940538,-0.5531839158,1.036826443,1.203419618,0.3251630356
357,-0.4373623885,-0.3386552506,0.7065898542,1.826285081,2.034793816
358,-1.679743675,0.9562307604,2.117625813,1.218960873,-0.189065684
359,-1.750431324,-0.165213288,-0.3395066647,1.953587319,2.596352766
360,-1.672230142,1.521613898,-1.197221386,0.639300051,2.19388783
361,-2.24624462,-0.1240049812,0.2621729794,-0.2886609601,0.9354721075
362,-0.9907840954,0.9117268638,0.6434271011,-0.6417084001,1.196400119
363,-1.628386765,-0.3044912537,1.476296188,0.3516016714,3.880336526
364,-0.9847718827,-0.4261840824,1.170432073,2.223233086,2.226941979
365,-0.7550552633,-0.6246180624,0.5044156391,0.690219606,2.556950492
366,-1.891952059,0.7604118752,-1.0601165,1.323399999,1.631704959
367,-2.176189435,0.263083573,-0.6373174344,0.4823295616,1.44601587
368,-1.596244974,-1.682953018,-0.4697394792,2.140023914,0.523989397
369,-0.7610481844,0.8183913748,0.9307836538,1.518751962,1.815419606
370,-0.5600379957,1.129511309,0.5711794145,0.1493468179,1.581225397
371,-0.6567180018,0.03211962759,2.057045448,3.072851174,0.9129748193
372,-1.75726671,0.7808035514,-0.01105879778,0.3396940364,2.85992478
373,-0.4602821414,-0.08160779649,1.566242942,0.4555442931,1.487393533
374,-1.324212351,-0.7085641345,0.5590764566,2.33332504,1.101459656
375,-0.5690590907,-1.198803052,0.4290913082,0.795190581,2.208550864
376,-1.477092443,1.267361865,0.9985253622,2.178129128,1.409304612
377,-1.84935696,2.117363123,-0.2877928894,2.242993165,1.063527529
378,-0.9863361334,0.8176142333,-0.842150962,1.738499008,2.170943441
379,-0.879451681,-0.6574690268,0.1438397103,0.1867773643,2.343576794
380,-0.6663421287,0.9827768364,1.278392058,1.62164464,2.612955528
381,-1.330516431,0.6476950947,-0.253659576,1.654434084,2.59136398
382,-1.2731087,1.669393517,-0.091283362,1.197843216,2.133804076
383,-0.8282298912,-0.7457793516,1.554172333,1.999898179,1.16424703
384,-1.128469659,-0.09958045003,2.531570089,1.744114605,2.372975681
385,-1.286991213,-0.6791920215,-1.10148838,0.3767107762,2.737876694
386,-1.260641613,-0.269781125,1.498215665,1.050866124,3.313731456
387,-1.806308334,1.730159821,1.136922614,1.903744474,1.107132935
388,-1.322046,-0.9105419279,1.632442615,2.386124586,1.537402716
389,-0.9888879357,0.4489600684,0.2711783525,3.291399953,0.1335191279
390,-1.76328996,0.3762954632,-0.6572548129,0.2705972,1.331991396
391,-1.283538445,-0.2462623841,2.262887691,2.87709331,1.712989305
392,-0.7223428249,-0.1481643674,0.08274712394,1.674572747,0.729970011
393,-1.231549898,-0.2672454079,1.159293178,1.409777079,1.829881849
394,-1.690212179,0.7582823013,-0.7724904241,0.615705545,3.530047802
395,-1.193971774,-0.1323221005,0.9347547602,1.189325923,2.749326236
396,-1.687898197,-0.1430635485,1.887967933,0.1334298258,2.329883415
397,-1.072188201,-0.3275334207,0.1523340896,-0.1319660482,3.022548885
398,-0.9858592442,-0.8403392274,0.9623101733,1.460303245,2.754010881
399,-1.185108268,-1.597709581,-0.4265395848,-0.1362705721,2.001061648
400,-1.595478251,0.7158722444,0.1394644964,2.57014876,2.434810739
401,-0.7836349026,-0.3624825291,1.173947919,1.830826808,1.731041641
402,-1.525634201,-0.6621779108,1.474121398,2.033122757,1.181688742
403,-1.605878466,-0.9931046546,0.6064671001,2.427159648,0.9738253904
404,-1.314478984,-1.01902203,1.122426531,-0.00385206394,2.507995053
405,-0.9176026533,0.3315483116,1.435883283,0.2441226597,2.917406465
406,-1.48610601,2.212185313,-0.6560363918,1.821639891,0.7749780346
407,-1.68500215,-0.4423654529,0.6243385175,1.202439194,1.435933669
408,-1.560755219,1.185509604,-0.4623285863,1.115644248,2.779233767
409,-1.257156938,0.8539199417,1.325447454,1.838208316,0.2857586769
410,-1.128404059,-0.5348583502,0.5044673883,0.185755736,2.75939089
411,-0.7393025218,-1.042604464,1.474842097,2.738885466,0.5609355014
412,-1.986875203,0.05133595499,0.5340740144,-0.09298467947,1.765715108
413,0.03079026142,0.09921013661,0.2682253221,1.62856197,0.8293884357
414,-0.966378067,0.5694515906,1.663906942,1.157527611,0.633511189
415,-0.7164807113,-0.5009730024,0.2926039791,1.08179898,2.119916259
416,-0.4915968234,-0.4409683838,-0.7465893123,1.161305419,3.020291946
417,-1.218409283,0.1060642129,1.228003206,-0.5088800198,2.912105164
418,-1.807457257,-0.3703179458,1.15992262,0.6160345788,3.06967407
419,-1.476279741,-0.3405362668,0.2490991555,1.755608569,-0.3379517349
420,-0.8436415344,-1.074311319,-0.6932050852,0.3915224724,2.750196492
421,-1.168552743,0.3213397405,0.3069915489,2.133851216,1.985797064
422,-1.575792907,-0.3855853433,1.059778365,1.175455567,2.787181883
423,-1.57404068,0.42322207,-0.2706541631,1.054947412,3.030682132
424,-1.768503648,0.01411915711,-0.1628854394,1.825680325,3.092597734
425,-1.316197193,0.8896465784,0.3875342014,2.06912074,2.426224557
426,-1.871904233,0.5673914786,0.1152003736,0.7644114751,2.552760772
427,-1.679115474,-0.5599564009,1.726188171,1.995999049,1.525226736
428,-1.540951686,1.153529161,0.1862898367,1.150095934,1.768064872
429,-1.309325518,0.5075219097,0.7277640929,3.152451582,1.559196341
430,-1.846905993,0.8646902391,-0.09970891653,1.250493241,2.283362458
431,-1.366951829,1.432357274,0.3108670837,0.5568699534,3.929501105
432,-1.625211581,-0.0009768346436,-0.6327926851,2.267606406,2.234891543
433,-1.096910914,-0.5467993088,1.697166913,0.726764077,0.833129861
434,-1.374031417,0.989847463,0.7524352904,3.646639756,1.051936671
435,-1.296492601,1.039283925,0.1496169306,2.298742799,2.868781094
436,-1.384222673,-0.4586818487,0.2257477679,1.690088401,2.075638959
437,-1.350167398,0.5805397978,1.098857757,2.533548527,2.391431649
438,-1.44280034,-0.6323698754,1.653295291,1.33106971,1.638063271
439,-1.393594858,0.5390509047,0.6077972726,2.333374201,1.716881068
440,-0.6991980918,0.4925833069,0.4674611908,0.5481796772,1.868300017
441,-0.9397764112,-1.355269633,1.892307258,1.397477167,1.724345336
442,-1.154600798,0.7158998867,-0.3003074677,1.56063763,1.20297712
443,-1.294263487,-1.291547009,2.157968608,1.480502336,1.754218532
444,-1.433633889,0.2022264841,1.74803471,0.7938720983,2.005256068
445,-1.159909671,0.1438355271,0.9836682503,1.804573485,2.053447629
446,-1.493824468,1.238338434,0.7850863711,1.630954184,0.8268791312
447,-1.312603564,-0.6138399843,1.800825875,1.66752454,2.558028686
448,-0.9988065177,0.9418077076,0.2169649013,1.334086125,2.966204109
449,-1.334961953,0.2905537476,1.770264698,0.9477019662,3.039834898
450,-1.177756932,-0.3678119168,2.525317447,1.210092001,2.546176907
451,-1.405251972,0.8371419144,0.6640608442,3.212203242,0.614600975
452,-1.018516539,0.7784773452,0.4789490229,0.4342982039,2.832870903
453,-2.132240441,-0.2317103473,0.5573531022,1.452056399,1.462984867
454,-0.828028367,-2.058292639,1.164122024,1.373515868,2.180870597
455,-1.729717192,-0.8787700092,1.401623622,2.708863836,1.563215038
456,-1.178657579,0.05691715288,0.577322767,0.7355147917,1.252582309
457,-1.03645074,-1.335317034,2.186842517,-0.7885008945,2.452947656
458,-1.640731178,0.08033659062,1.362740832,1.955345652,1.551843784
459,-1.120270322,1.55674146,1.808309595,0.8627869976,2.244838139
460,-1.415248121,1.853377085,-0.3954508292,0.4833936017,0.2492757315
461,-0.9784396518,0.04180240996,0.835801566,0.2022457304,2.56318792
462,-1.350504901,0.5624478364,0.2073256524,1.298861198,2.764633955
463,-1.906988455,1.587684087,0.7350084839,1.579336275,1.479872646
464,-1.628910821,0.4789743645,0.3508048052,0.1699984508,3.836809205
465,-1.690144483,-1.059557821,1.679152286,2.005445882,1.774877599
466,-0.9207290776,1.004404454,-0.9914258652,1.442982054,1.980814369
467,-1.901866657,-0.4606861967,-0.0393759334,0.4851542398,2.240602191
468,-1.172731856,-0.1525435777,0.1753812434,0.9176836833,2.719564692
469,-1.535584693,-1.438472486,0.6087731581,1.095978748,2.462537466
470,-1.594102259,-0.005365375749,1.468400525,-0.1405949986,1.646100548
471,-1.568661174,0.4860099057,0.3203527869,1.935767375,2.377444325
472,-1.602091147,-0.5692454597,2.316918138,-0.3889205157,1.604975365
473,-1.535569877,-0.6110014498,2.186230508,1.296960301,1.794449745
474,-1.601307051,-0.09094494052,1.032106473,3.369040521,1.880950365
475,-1.926402698,0.8173696558,0.3223025023,0.9755163068,1.046861404
476,-1.07649627,1.262543674,-0.5183732066,0.3818385149,2.491581851
477,-0.6612539317,2.50773531,-0.3834639918,1.308388694,1.792586963
478,-1.333919584,-0.02916121109,2.446305922,3.060690938,2.316700842
479,-1.23404377,1.274372674,-0.3149490748,1.49272096,2.339238072
480,-0.9407526843,-0.08980919244,-0.902046877,-0.003282692665,2.244563931
481,-1.143297527,1.441373079,1.449302927,0.4364305268,1.944309419
482,-1.511319461,-1.700953032,-0.614768757,2.358068542,2.211629814
483,-1.35190624,1.083665388,-0.2766985688,1.035535606,2.867365538
484,-0.7582518654,-0.387022949,0.1492184111,0.7193350551,3.001957678
485,-1.024143028,-1.370329433,-0.03464638734,1.735808355,2.553347069
486,-0.7962794519,-0.8224834162,-0.1960710545,1.254844834,1.575686262
487,-0.7191670872,0.1064692342,0.6351337615,1.776273743,0.4543852605
488,-0.8960090077,-0.3376370388,-0.1889122782,0.4522540548,1.708988165
489,-1.106314752,0.8183317457,-0.294111045,2.193783049,2.04923474
490,-0.9547344241,-0.3184782917,0.1657213913,1.434917881,2.143408939
491,-1.630384802,-0.1799275827,1.324843483,0.9068534956,2.297830641
492,-1.186437764,-0.851627942,0.5431717061,1.066927966,1.630406911
493,-1.227347605,-1.451751225,1.470395813,-0.524513252,2.095252069
494,-1.909357192,0.3957224904,0.170596104,2.252026196,0.1488093474
495,-1.566573263,-1.075644397,0.3723884376,0.2070077451,3.837992963
496,-1.430860924,-0.09543058371,1.844740989,0.3138336486,1.581398996
497,-0.4860335958,1.098694764,-0.5375753173,0.5768306771,-0.3986507697
498,-1.268844706,-0.7927719165,1.813720066,1.130604628,1.854434069
499,-1.514980855,0.1933368528,-0.1654022785,1.326960176,1.956927503
500,-1.579143329,-0.2076364907,0.8144365571,1.201944753,3.710180503
501,-0.78966516,1.560027295,-0.08441725219,2.45393359,1.489494247
502,-1.469097686,0.7980816363,0.7885315734,0.6863394605,2.776522427
503,-1.647244067,1.099927076,0.5245965967,0.5877759318,3.563570139
504,-2.02973138,1.122778592,0.7880511923,2.591097091,0.3990010416
505,-0.9745506732,0.1429099589,1.358180385,1.867717109,-0.3365344852
506,-1.343212439,0.1329666997,-0.4847503514,2.376929716,2.317150966
507,-1.239254791,-0.9954945244,0.4423498159,2.265140422,1.933059575
508,-1.125641306,0.4520509386,1.130892003,0.7811549987,1.799761947
509,-1.943496159,-0.8726404753,1.003689786,2.106290264,0.6959996814
510,-0.3276069259,0.4680124281,1.663413551,1.543051654,1.989123002
511,-0.9701823654,0.7762593991,0.6257611509,1.872185573,0.6575463107
512,-1.497442835,-2.27347192,-0.2472831322,1.451354032,0.7572888672
513,-0.9090021775,0.2205823847,1.862898241,2.635269157,1.710248535
514,-1.104708895,-1.23499075,1.738722164,0.9729491429,2.911312512
515,-1.784544293,0.2886280544,0.8708020036,1.322653675,1.095063172
516,-0.9042443284,0.2040025999,0.3000757955,0.8705759237,2.981133876
517,-0.05746932984,1.246512688,1.038658759,2.553797227,0.7671124468
518,-1.086835083,0.1701963683,-0.3682241732,1.239300809,3.066926752
519,-1.318571924,1.670182911,-0.03656095211,1.412693509,1.589987746
520,-1.499626913,0.9854752718,-0.5430570443,-0.1436620631,2.808624378
521,-0.9157077836,-1.574344972,1.634596987,1.642624266,1.732669892
522,-0.9520025424,0.6488872903,0.7813608799,1.395663715,2.213380859
523,-1.784148747,1.076277157,-0.007370866396,2.129462823,2.796331651
524,-1.812510455,0.3852457752,-1.57689892,1.044148418,1.683128982
525,-1.378154748,0.2528285236,-0.6724718288,1.097695672,2.842111044
526,-1.207576004,-0.4148838802,3.171206085,2.13424574,0.2495008884
527,-0.8996002138,1.933800144,-0.2539745462,1.954808689,2.125226815
528,-1.380838525,0.6108183628,-0.1516427065,3.036526799,0.8378281514
529,-0.6762755511,1.460685597,0.2051779676,1.005600086,1.917772593
530,-0.9457135017,1.023860766,0.6889701576,2.151283897,2.160766814
531,-1.85860017,-0.5157903122,1.853307699,0.1239047701,1.816076281
532,-1.058639696,-0.3079257933,1.780108163,0.6825340346,2.155517479
533,-1.294665969,-1.553935846,3.005303286,0.4483282158,2.010514017
534,-1.394322007,-0.4948774456,2.628054581,1.665836748,1.248696318
535,-1.241719034,-0.07324531466,1.993958544,1.85592107,2.824025382
536,-0.6596049174,-0.20523214,1.67088368,1.606135993,0.165470954
537,-1.777607105,-1.088926036,0.4330925779,1.164779686,1.198547157
538,-1.203017338,0.572173083,-0.2588687964,0.8725504993,2.650645627
539,-1.228654059,0.2686020933,0.1354224935,-0.2044183917,0.8511749423
540,-1.499222497,-1.999262803,0.8523976068,1.789221657,2.241166549
541,-0.9510820863,-0.4988848793,1.064388448,2.518388554,2.82080576
542,-1.422691541,0.5222610434,1.330687378,0.3227815605,1.835544353
543,-1.176689415,0.4975541918,-0.6411914254,1.251065443,1.697211579
544,-0.7022037903,-0.693870115,0.4795097743,-0.07346470612,2.036687697
545,-0.8990539865,-1.693516913,-0.7506680186,1.24833326,1.742162395
546,-0.4331051344,-0.9980946543,1.950857019,2.718691938,0.8431030479
547,-1.474848241,1.675044038,1.369811024,0.8275345389,-0.194906334
548,-1.34512297,1.067858687,0.04750096825,1.262373166,1.338257709
549,-2.093273211,-0.3829950249,1.466928905,1.11537682,0.7365920215
550,-1.004493708,-1.460972079,0.1728209185,3.51296037,0.8097159243
551,-2.030540302,0.1653833106,0.4156123666,1.521120148,1.276156429
552,-1.020942321,1.203772752,0.7239833985,1.945967181,1.255503217
553,-1.887445262,1.022395172,1.212078094,2.251519939,2.137133172
554,-1.490282114,-0.5524357974,2.037218435,1.38415147,2.636684708
555,-0.1970085758,-0.003290169038,-0.5204871643,1.628080908,2.70305468
556,-0.778284867,0.119418021,-0.1753314359,2.420523851,1.923738306
557,-1.288267169,-0.2786674912,1.696510007,2.092771808,0.6346957145
558,-1.166985418,0.9977564301,0.7597672731,1.017635817,3.66205546
559,-1.315858734,-0.8751643642,-0.04391359908,2.049999721,1.927444731
560,-1.70228946,0.9464241127,0.4976102629,-0.8381714308,2.486847691
561,-1.205769317,1.633465308,-0.03662991133,2.299289655,1.660849517
562,-1.194396741,-0.5373452337,-0.5673681822,0.2406326654,4.034109751
563,-0.1061701812,0.9058397028,1.418241658,3.329903111,0.3945725393
564,-1.368504004,-0.2529099502,2.641476825,1.499811773,1.661640657
565,-1.268448115,-0.09527361113,1.497586541,0.07600466822,2.271918623
566,-0.1611976577,1.803666514,1.763653336,-0.4746354318,2.738139725
567,-0.5683759209,-0.9022316953,1.81153215,1.840493404,1.775575637
568,-0.6997429577,0.5956330837,-0.01896848864,2.659071788,2.825598358
569,-1.221767645,0.4472026264,-0.5687316403,1.809007987,1.159352842
570,-1.409581073,0.9647885159,0.5903023031,0.76831244,2.320623333
571,-1.731993926,0.2674565244,0.8367367306,1.966155164,2.720310789
572,-1.497438663,-0.6709360172,-0.492544066,2.551312598,0.9876598333
573,-0.696394666,-0.8238074566,-0.9260443268,0.8607448457,2.940068278
574,-0.8618831533,-0.652522335,-0.01135845185,2.422241155,1.137630921
575,-1.000810734,1.972317214,0.996082101,1.70092206,3.037694471
576,-0.9118645358,0.4067536275,0.592863984,2.551794584,1.464405555
577,-0.7925001676,1.505377495,0.9645624425,1.004891655,2.402194405
578,-1.059194566,0.02040980451,1.491441642,0.6490218552,0.6458659706
579,-1.845612982,1.716428636,0.1962067846,1.328087719,1.197417201
580,-1.120300464,-2.278475071,0.1993068846,1.159898184,1.468390182
581,-1.6629633,0.715261537,0.5539155268,0.7888229253,0.78007672
582,-1.562034136,0.01957153976,0.6063799791,2.427833328,1.059784613
583,-1.07244256,0.03658219237,0.366649663,1.154506424,2.075162219
584,-1.30851428,-0.4423888266,-0.1996480387,2.045694849,1.288141955
585,-1.183503473,0.1061404527,0.9758003837,3.514172928,0.2800329898
586,-1.085249707,-1.251949585,-0.5295521159,2.260605412,1.50071287
587,-1.663428039,-0.3990663374,0.846702461,1.441597211,1.221307009
588,-1.496277336,0.5367890074,0.2440019379,1.36104272,2.63366944
589,-0.8242952632,-1.275736226,-0.3054051956,1.928259488,2.141371969
590,-0.7901327685,-0.8081333805,1.713415114,0.8649610275,3.298900127
591,-1.226881083,0.2956717487,1.51045785,1.025303352,0.8682987957
592,-1.287084659,-1.240262956,1.81314352,1.01458101,2.239344529
593,-1.288889866,0.5681370636,0.44422656,1.755953066,1.788328378
594,-0.8706679482,-1.743923656,1.591953213,0.7506853136,2.099340061
595,-1.551199812,-1.338797852,0.697704697,1.193650287,1.693289662
596,-1.644960998,0.9691768598,0.7090068372,1.802245362,1.964588048
597,-1.427339491,0.7876521081,1.449773799,1.052317772,2.362520397
598,-1.208613665,-0.6648028175,-0.4368635859,0.4224054979,2.635710073
599,-2.031372325,-0.6147656608,0.1282765999,0.3060009014,2.226556025
600,-1.364851386,-0.6342976499,0.06911223757,0.7270547169,2.840282101
601,-1.09884476,0.3281715851,2.210796045,0.1924599147,2.61319004
602,-1.255159237,-0.2681088559,1.329012904,0.3829510136,0.792035575
603,-1.281193571,1.180141048,0.828755474,-0.328316504,0.5641223357
604,-0.8737208206,1.136815967,0.1576826286,3.450758404,1.905036044
605,-0.7750922508,0.5436104914,-0.5470008462,1.079760864,0.8614494323
606,-0.9490716619,0.9861552676,-0.07149129142,-0.9428893553,0.9916895629
607,-1.932082033,0.5272674116,0.3195441911,0.7247696923,2.913990954
608,-1.262347395,-0.8122696434,2.702437492,1.165893273,1.86203497
609,-1.297723209,-0.06560869766,0.8280618141,1.182318974,-0.7608145989
610,-1.526608672,-0.6481049035,1.359527499,0.3494999673,2.972313237
611,-1.511628367,0.8334947586,1.394224945,0.8049859143,4.123669856
612,-0.8824239137,0.9568540908,0.5829883189,1.585008997,3.057111508
613,-1.119364627,-0.3778080535,-0.0175474284,1.799925471,2.510285584
614,-1.361980167,1.338340027,0.4734560885,2.377969686,3.216976507
615,-1.57669755,-0.2373677661,0.08010052419,1.002557982,2.047691561
616,-1.551077662,0.1778930954,1.179486073,1.277170523,2.384212939
617,-1.565090625,-0.2559351486,1.288881824,0.4074725725,2.91628187
618,-1.059135212,-0.6373143741,1.814000864,-0.0524732907,2.097140962
619,-0.6242254633,0.6758491356,1.601756133,1.156196372,1.651619176
620,-1.918242296,1.062072762,0.5687826235,2.451644821,1.709384985
621,-1.409954102,-0.3771466594,-0.05297350518,3.424843186,1.234153474
622,-0.5809911147,-0.3375712946,2.072879036,2.136858376,0.8370091263
623,-0.9372502921,-0.6813057427,1.044017441,2.68767189,1.579898722
624,-1.34291677,1.119308999,-0.2974589659,1.597730267,2.850516812
625,-2.070846705,0.5089807552,0.5886765059,1.38442689,2.042253347
626,-0.6938210205,0.05700421619,0.7561031163,1.215375337,-0.4868571709
627,-0.4738012466,-0.4619833805,0.2841735019,2.785167498,1.116395909
628,-1.12433375,0.7247728501,0.1696401737,0.05641605523,3.865169277
629,-0.9214864275,1.380345874,0.5761278183,2.171458144,2.05251456
630,-1.07680587,1.178750469,-0.8373861287,0.3800636312,2.130294521
631,-1.756128007,-0.5920110243,-0.5762853359,0.1061773153,2.46774981
632,-0.919553837,1.853260851,0.3284652947,1.659340185,0.8401669564
633,-1.651640015,-1.864500379,-0.2321195256,0.8818684227,1.432263192
634,-0.9280226596,-0.07083135645,1.080594385,1.631689358,3.027668782
635,-0.9366817613,-0.3094380016,1.457469047,3.070648771,2.810602813
636,-1.367837285,-0.6833221937,0.7584553481,2.476515085,1.895656815
637,-1.848435119,0.3568061356,1.486962867,0.4344620489,2.924150024
638,-0.7543606528,-0.6169359587,-0.3774537196,0.346872355,3.259008395
639,-0.9190434471,1.404351712,0.04451065437,1.653107293,2.438142398
640,-0.5675222345,0.08894663194,-0.5848303506,0.08511076555,2.034687394
641,-2.007327905,-0.06688383671,1.068369678,0.6905768415,0.5900707455
642,-1.700620856,1.730621837,-0.6302052289,0.9160751595,2.082017049
643,-2.090055175,0.7409966393,-0.4148927976,1.406188658,0.8949561787
644,-1.08400726,0.4705270705,0.02780734727,2.24447558,1.06270825
645,-1.511196447,0.4272067497,0.8786614134,2.155170142,1.863545826
646,-1.377130758,2.524066204,-0.2546742939,1.539113471,1.994664327
647,-1.623820772,-0.3942430972,0.01978286998,0.372140441,1.577041577
648,-1.494600952,-0.6910164634,0.9557539467,1.1824908,2.046563797
649,-2.008646356,-1.261066998,1.20674325,0.6036463423,2.577166096
650,-1.431966459,0.2230606029,1.770215945,1.349324333,2.590958605
651,-1.58313715,0.7105750918,-0.4758312323,0.06290901192,1.66707051
652,-0.9406538094,-1.539081176,0.6300902756,2.234538235,1.28439329
653,-1.953928427,1.585408063,0.6740917482,2.563019401,2.30174772
654,-1.812959709,-0.415884416,-0.923104364,1.711889666,1.327833535
655,-1.175182015,-0.4074961871,-0.1154929589,1.18725197,2.115778928
656,-0.6927620222,0.576710757,0.2848736243,1.068825832,3.237691333
657,-1.265258685,0.1542675469,0.6135356327,0.23760335,3.20511929
658,-1.571165748,0.7730279335,0.4292100137,2.079605703,1.761316285
659,-2.145931105,-0.3448737062,1.862690604,0.4951722882,0.5012795665
660,-1.911455002,0.2553426463,0.4156331342,0.7821437795,3.00091635
661,-1.157153583,-0.1496572109,-0.1039081877,0.5653544213,2.719574113
662,-1.684714889,-0.5271420779,1.447728788,1.676328405,1.136009305
663,-1.149945222,0.2883571383,0.9049965182,1.786018873,3.216960561
664,-1.112263605,-0.3088234702,-0.2402427783,1.634328792,2.616797706
665,-1.2940247,1.02349117,0.9621311995,0.7556512596,1.931691075
666,-1.673345911,-0.1067849639,1.653417004,2.539628199,1.005306896
667,-1.250998686,1.989660061,-0.04400934102,1.777055542,0.6639892654
668,-1.276543322,-1.198812077,2.292688786,0.9632116943,1.260483125
669,-1.668224733,0.8674726561,0.1483475914,1.903306861,2.038596897
670,-1.168061011,-0.8422766535,0.2689638895,1.110875708,2.494633698
671,-0.8392318324,-0.1177668814,0.9558391158,1.22017274,2.015974888
672,-0.9355021301,-0.2159283421,-0.009772395102,0.2736529816,2.83097537
673,-0.6128828008,0.1083514689,0.5323176206,0.03006675594,2.867047029
674,-1.180144856,0.7513074287,1.024138778,0.9526266508,1.4323595
675,-2.117551199,0.201868342,1.852922345,1.273686142,0.5934558548
676,-1.371175539,-1.147517507,2.485287325,1.680317918,0.1645166769
677,-1.24705183,-0.2052330967,2.429665164,0.787054171,1.816650903
678,-1.639988877,-1.130621641,2.044644315,1.296547061,2.003368892
679,-2.121217893,-0.194401347,-0.8618910842,0.4802222295,1.762258094
680,-0.7822064494,2.248499132,0.9188524149,0.719615862,2.270007592
681,-1.007875496,0.9449911768,0.9590604462,2.607005495,1.744926063
682,-0.7786145993,-1.069988514,-0.2885273833,-0.2554179534,3.655769587
683,-1.032822559,-0.6623442174,2.366919594,1.190421939,1.723692528
684,-1.585811921,0.8730487921,1.327913762,1.552984834,1.753587392
685,-1.409291145,1.108506425,0.1929875513,1.720482805,2.317038942
686,-1.260685565,0.4394913261,1.273667146,2.584911342,0.5658227029
687,-0.9690763811,-1.042134742,1.998799214,2.543814873,1.151003287
688,-1.553865324,-0.07588983233,1.799738194,0.7709700766,2.187935915
689,-1.462868772,-0.2038618664,0.6415431651,1.872165933,1.593134316
690,-1.129442821,-0.6729063566,-0.06704355603,2.863166896,1.510982205
691,-1.574405464,-0.1084605196,0.3055474455,1.379095713,2.831027898
692,-1.210062733,0.5511102926,0.4086182875,-0.0661793569,2.537797581
693,-0.9459213813,0.9720180387,-0.1393600177,1.540981843,2.781848481
694,-1.887811511,0.6852359707,1.215510088,0.2773772371,2.682882146
695,-1.17958196,-1.247198727,1.647765754,2.980159662,0.3390155805
696,-0.4609963465,1.15160797,0.7331010551,2.045381931,3.08033578
697,-1.255955634,2.156851468,0.901972109,-0.4076167159,1.663116673
698,-0.06954889287,1.34170487,-0.02097318506,2.220045248,0.2862549569
699,-1.029084032,-0.8113862485,1.407261068,0.3336011745,0.2987915884
700,-1.448600948,-0.4867566785,-0.1217876789,0.1896849036,2.969978553
701,-1.679764409,0.3725348398,0.8720445272,2.359084578,0.9617146854
702,-0.831147035,0.5212283712,0.1397153208,0.4470798951,2.577082542
703,-1.310389414,1.805649787,1.151745604,0.5023380842,2.486227495
704,-1.325967107,0.4665357781,0.3359795279,0.1782377699,3.102741604
705,-1.090271728,0.5581882806,0.2591024873,2.484101805,2.553364264
706,-1.406605918,0.6889943657,-0.5516129208,1.862082976,2.246984796
707,-1.316077527,-1.079457215,1.152720947,2.182396556,0.5606799532
708,-1.392663327,0.3204199211,-0.1487578193,1.038229168,2.985626975
709,-0.3602730089,0.6491900701,0.7767660819,1.078612397,1.601850791
710,-1.043658235,1.062123784,0.3249490505,2.493668407,-0.08846653297
711,-1.2772443,0.8232668084,0.9078068191,2.494093267,0.0201653724
712,-1.719516421,1.182058798,-0.2510831357,0.8606765442,2.549695969
713,-1.970370638,0.2874913297,-0.2023274194,0.6434933198,1.907126306
714,-1.109306343,-0.9354818572,1.24647503,0.606850198,2.949756902
715,-1.519096733,0.2171941726,0.8323827303,2.255194577,1.011797469
716,-0.8891305325,-0.4737697795,3.178115861,1.154391607,1.033864512
717,-1.388793054,1.103721248,0.7506452294,-0.1123927781,1.55473288
718,-1.028153487,0.6825104305,0.861631728,1.799539621,2.537164544
719,-0.9319678495,1.481885157,0.04304634661,1.387216301,3.200831802
720,-0.8701213883,0.5909047089,0.345838887,1.758572676,2.013133095
721,-1.236325655,0.0579318421,1.296598614,1.864332469,1.522218732
722,-1.956939058,-0.8347199372,-0.7247815981,1.067424724,1.558250711
723,-1.148777766,1.532821246,1.822369073,0.5325922017,2.17652774
724,-1.353456299,0.8869901471,0.4273764688,1.212837501,1.699616444
725,-1.163971248,-1.050830386,1.330074252,0.6842717704,2.599541614
726,-1.189855378,0.239948758,2.43009919,1.536766542,0.3149025581
727,-1.103179219,1.074764223,-1.753633653,0.6642629919,2.409918587
728,-1.435141182,0.1024504352,-0.0601966847,0.9837183845,0.1167469399
729,-0.8973089742,1.329776697,0.1921292217,2.931899675,0.03899737622
730,-1.058529249,0.2215981481,-0.1935400285,1.54416875,2.842826576
731,-0.9850331915,0.9829230663,0.9070135135,0.9600685723,1.449717931
732,-0.9042700883,0.9147786568,-0.7165369269,0.836316861,3.378759278
733,-0.5391427978,0.6589910115,1.038009494,1.981085066,1.781413457
734,-1.750363926,-0.8082134047,2.205811815,1.25543436,1.9446766
735,-1.082092643,-0.6711392573,-0.281477073,2.196206083,1.166028033
736,-1.537886586,0.6593172911,-0.3632755559,1.891941277,1.335597639
737,-1.483270137,-0.1458917868,1.270526657,0.9013406286,1.446560283
738,-1.830079161,-1.208128223,1.210512676,1.031540529,0.3701530904
739,-1.349590123,0.8472953127,0.1930111767,2.601545097,1.969673935
740,-1.10067258,0.9944349513,-0.5093510225,-0.3205021495,2.937076093
741,-0.5662981965,-1.499974651,1.099901308,3.260875336,1.735039241
742,-0.9245509845,0.2156477176,0.4870024555,1.912802486,1.7726098
743,-1.713701744,0.8789023712,2.280476342,1.494844269,1.542291809
744,-0.7135343707,-1.132057073,2.249713069,-0.0304870706,1.605321799
745,-1.618499315,-0.02543986076,1.348284633,1.21641788,-0.6268025682
746,-1.102434263,-0.2967459503,0.8168321617,1.146224639,2.914460705
747,-1.766615081,0.1356184648,-0.04722243843,0.8699908011,2.210036484
748,-1.077813839,0.66028076,1.354992635,1.153022411,0.6183545174
749,-1.168391399,-0.5120672874,0.9663925441,0.865749037,2.439260168
750,-1.241707443,-0.1592959073,1.110798073,1.960588725,0.7861128963
751,-1.653269131,0.1765876292,1.359426391,0.3710814654,0.5989202867
752,-0.6594979003,0.5168360089,1.221456697,2.535094603,1.00814182
753,-1.336097429,2.573348261,-0.13571206,0.187396024,2.511344665
754,-1.9660213,1.400469708,-0.2910003374,1.919361297,2.270512504
755,-1.345670282,-0.09684937836,1.356822672,0.8799932828,1.136191516
756,-0.8506647892,-0.1928633342,-0.6871092025,0.7808578804,2.00302401
757,-0.8761621431,0.3062560154,2.227178895,-0.2285726748,2.290293999
758,-0.4931194666,-0.6076586431,0.9831794373,-0.3230326833,0.8277446229
759,-0.7232112319,-0.8698743789,1.437305918,1.386066656,0.8019663877
760,-1.053039559,-0.3769358517,1.324100646,1.815144929,1.336320444
761,-1.403897857,0.5834405718,1.32779135,2.58277313,2.277104716
762,-0.574047037,-0.8493013819,0.6379188688,1.650712726,2.7729458
763,-1.759627838,1.364556933,-0.7313343233,1.329144153,2.11756105
764,-0.5729034818,-0.6611040235,0.5031947901,2.433663282,2.340192626
765,-1.260096738,0.2507372786,-0.4212857217,2.207829031,2.080581805
766,-1.858399912,0.3164098238,1.037727624,2.205906772,1.844650705
767,-1.038028838,0.5049782367,-1.322845616,1.964806465,1.306124632
768,-1.844548435,-0.2674021992,0.8349864651,1.832311468,0.1245176955
769,-1.035858555,0.9899866576,0.1694033431,1.038558352,3.791550563
770,-0.9173582702,0.9501403595,0.628586277,1.170006334,2.008226181
771,-1.505652393,-0.5807833164,1.1650827,2.044507195,0.8674639882
772,-1.615193077,0.3169271931,-0.1306957406,1.488607694,3.043976292
773,-1.92911485,0.5158148505,-0.09846793793,1.4286186,0.5227675878
774,-0.9584026864,-0.5794559037,1.77543835,3.011407468,1.673006729
775,-1.14616984,-1.052424476,1.556502167,1.965699919,2.771792002
776,-0.3401502869,-0.6202428306,1.520117198,1.747238219,0.9106078424
777,-1.753067143,0.6795266376,0.4249594412,2.329131147,1.893683439
778,-1.931420888,-0.1485118386,1.240759338,1.444691177,1.601524517
779,-1.045758262,-0.8603915066,0.3307669875,0.637548198,2.374421811
780,-0.9025109936,0.02260253386,1.093095319,-0.2304577092,2.504324307
781,-1.315469273,-0.2232087365,0.8277122207,1.291863279,1.775544544
782,-1.424486189,-1.332235355,1.733773279,-0.5151696462,2.382177003
783,-1.235984334,0.4921682695,1.874700473,2.317176456,2.01373342
784,-0.988715226,0.07191209893,1.412740675,0.04669514821,2.124253108
785,-0.8169577514,-1.673238724,1.882154263,1.905246287,2.024059997
786,-0.8941983066,-1.4353015,0.7424118841,0.8948059663,2.537258133
787,-1.715118068,-0.8515236314,0.5836241211,2.716161868,1.948784717
788,-1.003131122,-1.634224444,0.9919423419,1.9025355,3.41205558
789,-1.413745762,-0.445174149,0.7336860955,2.001329614,1.696098429
790,-1.285266494,-0.3009693624,2.60843064,0.5866356929,2.992861082
791,-0.7636163,0.5456661789,0.2103584303,2.199440568,0.3176803536
792,-1.67582862,-0.8110572174,-0.01650139044,0.2746250677,2.248015095
793,-1.648360572,-0.1828667392,-0.1748239533,2.403390375,2.244929135
794,-1.751682587,0.9156197041,1.600994411,-0.02537063692,2.001649687
795,-1.715460697,0.8697386972,-0.3637909626,0.3240300404,2.309145656
796,-1.877004373,0.5229384779,0.769506747,1.145279778,2.752798701
797,-1.648228351,1.455011196,0.2922918441,2.456115095,0.2854290602
798,-0.3439478777,0.5649354956,0.6424628073,0.6035102512,1.524543456
799,-1.462176312,1.174565568,1.418929647,0.8065352056,2.107866209
800,-0.918068995,0.000318903192,0.2746503848,0.8225327685,2.772825859
801,-0.4186567634,-0.8264640936,-0.186406458,2.769830667,0.8222350335
802,-0.3423882645,0.05274669338,2.520401996,0.7291825156,1.633243667
803,-0.9469674677,-0.5843415709,-0.5739786565,1.189611946,3.278259938
804,-1.403484624,0.08199612564,1.90687227,2.515477532,1.159690652
805,-2.097685485,0.09801990749,0.6920746779,-0.2728714658,1.593909866
806,-1.135890696,-1.669664993,1.06536305,1.144594294,2.078280325
807,-0.8790272085,-0.007189904506,1.326328131,0.7589705542,2.026842368
808,-1.713391786,-0.09332225982,0.7080428612,0.7140634148,3.039084867
809,-0.6794276105,1.61651969,0.3454320203,1.452704241,0.377948171
810,-1.139000583,-0.07840967778,2.040215052,0.2550267897,2.70050231
811,-0.6652898093,1.129364415,0.8717763479,1.932110495,2.879495398
812,-1.298067853,0.2749008398,0.1358012172,2.57257914,0.9894859777
813,-1.075366926,0.1536096533,2.174248574,2.510871347,1.712909913
814,-1.564288427,-0.8705865002,1.095697773,0.06784774501,2.321340861
815,-1.536028526,1.047823963,0.1279562968,0.7346529106,1.838447906
816,-0.9050602053,-0.2406164348,0.363985266,-0.1534869869,2.39378042
817,-0.8010372588,0.6985336734,0.7557877715,1.884613563,0.9784436756
818,-1.248835585,0.4474476685,1.427365224,2.003738607,2.368068452
819,-0.7012209078,1.103520077,-0.5544357799,2.574082717,1.860445658
820,-1.928604253,0.542672891,0.6754439014,0.6095192041,2.866484471
821,-1.468214982,-0.3807527563,1.413386892,0.04238121141,2.103311536
822,-1.639972356,1.028047648,0.5952293849,1.491043359,2.496301357
823,-2.088695159,-0.0081332501,1.317355868,1.569676507,1.511647537
824,-0.7606879381,0.1761023112,1.441862665,-0.8429534329,3.223489508
825,-1.485290885,-0.06736386438,0.3196754427,0.8026931201,1.359746482
826,-1.14649874,0.4258218278,0.4595407527,0.5652689044,3.418547652
827,-1.973183662,1.07805049,1.216210662,0.5974264569,2.172174948
828,-0.6857075843,1.430631078,1.240246235,-0.4716564546,2.00301123
829,-1.349785821,-0.9948083422,-0.4050790232,2.095793634,1.325787898
830,-1.399937542,-0.03242947459,0.6320301553,2.508902798,1.846949785
831,-1.943147464,-0.1732166181,1.543138804,0.638216428,2.647261928
832,-1.320949069,-0.5272520722,1.091630322,1.180735932,2.067375092
833,-2.059389791,-0.29555633,0.3595033348,0.6027688104,2.033768247
834,-1.543444685,-0.2621351835,-1.080344555,-0.1277308333,0.7429387375
835,-1.083790562,-0.7100598391,0.5408568507,0.944733769,2.657088215
836,-1.638819287,0.289361356,-1.02918888,1.124354459,1.545520685
837,-0.6581359727,0.1490752,-0.9777098389,-0.02678111737,2.45042774
838,-1.613068686,-0.920748482,0.6023822492,1.179956106,2.008615363
839,-0.3685863108,0.7204012524,0.01162768711,0.09791222208,2.227725813
840,-1.628224005,0.4404405836,1.460255301,-1.110402294,1.428196277
841,-1.733723918,0.4617653757,0.7848805552,2.153998349,1.999826016
842,-1.056152542,-0.8818274142,2.02055166,0.6061785013,3.414454334
843,-1.716791016,-0.1088345539,-0.6957879462,1.785827313,0.5779030685
844,-1.751378376,0.5526910399,0.4446210975,2.076638784,1.767978985
845,-0.7761707219,0.6046072984,0.8903354057,0.8777215702,3.42608682
846,-1.339683139,0.472640593,0.05342127702,-0.7879530787,0.4769074826
847,-0.397767919,0.9404885157,-0.9568119692,0.4539223152,2.598957987
848,-1.397761402,-0.6074940262,-1.039204176,0.6832117854,2.436999133
849,-1.459677689,0.2395268196,1.719697196,2.409616511,0.04776803289
850,-1.720727437,-1.560648723,-0.4493039758,2.487758061,1.103759368
851,-1.803466585,-1.016307708,1.032635055,0.5884432892,1.423187725
852,-1.0663335,1.136611969,0.2321816962,0.7994914983,1.365243089
853,-1.09535934,-0.3675822978,0.08947993838,3.134564491,0.0681613858
854,-1.763473354,-1.296138211,1.705692396,1.463364277,2.315170919
855,-1.292974481,0.4970151809,-0.1943409988,0.0567010112,2.052844788
856,-1.326187505,1.256520828,0.8205780706,1.841852939,2.06939518
857,-1.578605331,1.332581524,-0.5728891661,-0.1582477223,2.914771563
858,-1.664704272,0.448760065,0.823406725,1.738736065,0.8443066871
859,-0.8624443463,-1.323143146,0.9557040541,0.8232507493,1.034889493
860,-1.551788042,1.69530875,-0.9329009138,-0.4087898009,0.5054325986
861,-1.59165953,-0.3500987115,1.005711442,0.3606655306,3.369878212
862,-0.9861606324,0.1713921195,0.05796126918,3.097311444,2.203234765
863,-1.548947526,-0.01489175943,0.9349813448,2.627952401,1.634564232
864,-1.731195704,-1.057900636,0.4217398691,0.01241529913,1.791053685
865,-1.86156926,0.2640658301,0.805986777,1.913353595,0.6989989943
866,-0.1825481073,-1.773283267,2.090198835,1.716640759,2.586583019
867,-1.483096342,0.4619576439,-0.8856211184,1.874231631,3.180749987
868,0.02124693503,-0.6686569567,0.1264202084,1.546428491,2.488070987
869,-1.721829534,1.214191607,1.952042683,1.295585955,3.144261591
870,-1.239255402,-0.3281163663,0.9192086792,1.538209144,0.7594387367
871,-1.850139971,1.543834376,0.3521721178,1.395756159,2.494908874
872,-0.567663011,0.3976544351,1.220991368,1.381642298,3.290356226
873,-0.873780175,2.029369921,-0.09373981848,1.977108524,1.223676001
874,-1.594957008,0.09145625934,1.259477339,2.306163515,2.763453523
875,-1.001532693,-0.0493335707,0.4885046887,2.04355221,1.332797763
876,-0.3378574868,-0.8628558625,-0.4308726995,1.076412696,0.911657943
877,-1.637502933,-0.5455777645,-0.5497727681,-0.5383311802,3.292001325
878,-1.824999614,0.03445060117,-0.0345416393,2.055447849,0.354318958
879,-2.030821095,0.3629839896,0.4219969752,0.5310890786,1.899102967
880,-0.8375471403,-0.3858249294,1.310972143,1.206651335,2.401043224
881,-1.262115103,-1.720894612,1.604731931,0.9466926986,1.689173542
882,-0.9877913777,-0.9193814267,1.633183874,2.66019757,1.134117675
883,-0.8297536948,1.529364818,0.1612350656,0.8915190613,3.241219244
884,-2.151649378,-0.3781402152,0.9609452005,1.537570289,0.9465080132
885,-0.7096223152,-0.91519756,1.505685541,-0.5017449959,2.908683935
886,-1.821404177,0.6454189555,1.12562223,0.9578304706,2.269384039
887,-1.046903716,0.2761639244,1.177556742,-0.575348782,3.266816843
888,-0.7633227947,-0.7256153541,0.8412357235,1.222342212,3.151439663
889,-1.131526003,-0.9507681906,1.868687911,-0.5712436552,2.67595048
890,-1.462913423,0.564255275,0.1986964684,-0.3879358259,2.564997905
891,-1.612425815,-0.7469352436,0.1409205753,1.265534565,0.5785497596
892,-1.761025747,0.524016811,0.1914992968,1.507859016,1.837413378
893,-1.631742701,0.08678739153,1.128077323,1.28746183,0.3183312171
894,-1.287369665,-0.4379810091,0.5227854651,1.471261925,2.644449974
895,-1.574063998,0.1941432799,1.940409165,1.45363858,1.506071907
896,-1.24810393,0.1388183004,2.21793531,1.332797801,1.351327748
897,-1.589695182,2.686494488,-0.001081956102,0.8722350795,1.568535238
898,-0.9502802531,-0.8328550318,2.495664184,0.5557446479,2.837629093
899,-1.723264867,-1.036319846,1.317263506,1.22371275,1.000012074
900,-2.120783523,-0.02181328302,0.3533564247,1.63445721,1.155398606
901,-0.7868252734,1.76838179,0.2539804291,0.6954521651,2.976925108
902,-1.524644341,1.168588399,-0.3536253368,1.835106102,2.190737192
903,-1.890567647,-0.3220928763,0.3159048836,-0.5664621694,1.122979562
904,-0.7807807948,0.9185130045,0.8015017869,2.567869348,2.296303177
905,-1.66652536,0.1390935203,1.166311666,1.685357634,2.920086743
906,-0.9567227793,0.8630110693,0.8373361361,1.032652276,1.955981502
907,-1.193694203,0.1106873266,-0.3060037976,0.4495119356,2.97484597
908,-1.325450184,0.6520942516,-0.3256271808,1.16011431,3.120928347
909,-1.813543905,-0.2786475897,0.1027852064,0.6056803583,2.427090453
910,-0.7294319363,0.6154053545,1.85576189,1.844760044,3.804242386
911,-1.0256122,-1.399329398,1.815671784,-0.3519291401,1.072090144
912,-1.056535762,-0.260704567,1.42454091,0.777604302,1.644649793
913,-1.886255649,0.4265087279,0.1187185444,0.540807198,1.905489431
914,-1.06753333,0.3091514255,0.2872623884,1.850641964,1.485649605
915,-1.241895831,-0.9443715591,1.270074684,2.368987293,1.25523397
916,-1.762490216,0.3373516101,1.222781089,1.94161101,2.777896859
917,-1.457268717,0.4689735912,-0.1301142885,1.906326699,2.781815874
918,-1.92072343,1.503123864,0.3359823112,1.815617024,0.5442627028
919,-1.041074749,2.204966958,-0.5612756409,2.081850619,0.9203669732
920,-1.383351715,0.8899388739,0.8380256336,0.8424673985,3.098833668
921,-1.35125529,-0.4427868839,1.507949811,1.783163958,2.692883416
922,-1.603639371,-1.532233311,1.865723803,0.009263907169,1.792042065
923,-1.217018608,1.064440278,0.6523577659,0.2430479575,0.2842893861
924,-0.9345718557,-0.5517466809,0.8630009116,0.6853451395,3.817062861
925,-1.507858403,-0.750834346,0.9343037982,0.9866068328,3.317868606
926,-0.9644304247,-0.2907800654,0.7775463976,2.814570441,0.0846304021
927,-0.869924243,0.3286090916,0.8958937925,2.137071106,2.083706155
928,-1.565976456,1.934918188,0.3730476126,1.086075393,0.691154729
929,-1.662774292,0.2627178393,1.099360523,2.590312327,3.130805084
930,-0.8629676501,-0.5508847905,0.09259313561,2.330471993,1.407215393
931,-0.6611191139,0.8587766082,1.29264264,-0.09708771712,1.847695738
932,-1.544287127,1.321661056,0.9158185514,2.121075364,2.13587834
933,-1.110844343,-0.2093582193,-0.4547646314,2.106960813,2.781616529
934,-2.077542435,0.8109391158,0.2255998356,0.9200552412,2.46016756
935,-1.193169026,0.6316542984,0.5872222643,0.1998542855,1.966548521
936,-1.697027739,-0.1648218293,-0.4392571215,0.255225205,2.719848983
937,-1.121704277,0.6804980926,0.3307126538,0.8599488314,2.486771418
938,-0.950004143,0.308459645,1.149000345,1.795365203,3.182973076
939,-0.9731760776,0.4146760253,-0.03471881951,0.5199669032,1.918534281
940,-1.265161378,0.6811596799,0.7680299264,1.054743959,2.55396928
941,-1.167203726,1.266809764,0.1366983555,1.920426338,1.999056665
942,-1.647741803,-0.7393718374,1.846890286,2.010700885,1.904853965
943,-1.601187405,0.02984867109,1.18403812,2.017952542,0.7266772094
944,-1.828214559,-0.1202252305,1.52163785,0.4028455148,0.4516837416
945,-0.4492912605,-1.644992695,2.795529926,1.298433878,1.185904704
946,-0.2303807025,1.799442677,-0.1611745957,-0.1459924836,1.666166661
947,-1.715254323,0.9783107494,0.8295426347,1.517667451,2.050349923
948,-1.663765322,-0.07501221178,0.9708827531,1.770776721,0.9887033763
949,-0.6568072745,1.127556907,-1.574845925,2.136677884,1.521957581
950,-1.298461237,1.589641938,0.633782079,2.08771674,1.112453107
951,-0.4796670496,-1.762147907,2.574032936,1.078742608,1.423302402
952,-1.433369478,0.2199791358,0.46758127,1.798022288,1.262942972
953,-1.274682444,-0.3275498647,2.112520604,2.169725161,2.848205558
954,-0.7560014379,-0.9498191017,-0.07747151867,1.22103224,3.101310237
955,-1.535145804,-0.09311460809,-0.326776248,1.722054267,3.296787838
956,-1.517671753,0.3796478779,0.8377812983,2.427845939,0.1621708952
957,-1.25650034,0.07600232467,1.845953476,0.5333303681,0.9390019058
958,-0.886206506,-0.3199532913,2.103573732,2.439854199,1.45917984
959,-1.609085415,1.848486165,0.6306541788,0.4308761868,1.028930224
960,-1.420739443,-0.05950541041,-0.6112282414,2.942500222,0.9391737442
961,-1.139313149,1.278746649,0.8865067345,2.319883956,1.504765439
962,-0.9758561609,-0.1960902374,2.216157521,0.3086332766,0.6645198065
963,-1.356028116,0.08765836777,1.642344703,2.131878725,1.540484742
964,-1.502296079,-1.062723842,0.5266667334,0.2493270128,0.9195320895
965,-1.626381722,-0.1350646882,-0.03795748957,1.973592112,1.764962934
966,-1.661759106,1.140383417,0.6372468254,-0.3076618058,2.051189083
967,-1.472674403,0.0137762933,0.7179541787,3.143567992,0.8715930651
968,-2.307264563,0.4797377813,0.1908390757,1.169901887,1.940320236
969,-1.244641398,0.02386885471,-0.3980186495,1.621796504,1.243814052
970,-0.3747446352,-0.4649264186,-0.242265746,1.216744198,0.8814772018
971,-0.7449024428,-1.059729961,0.812243715,0.1239073356,3.213597957
972,-1.839726568,0.5899709402,1.209492972,1.119579246,0.224798674
973,-1.135302658,-0.4312774113,-0.1129141697,2.14894355,1.742286134
974,-1.48934838,-0.325280636,-0.4033688863,1.672720507,1.911495925
975,-1.040805558,1.262273211,0.3731415798,0.537540332,3.328020923
976,-1.684576133,1.457381322,0.04943841768,-0.2842377463,2.366159899
977,-1.176593264,0.670586392,-0.8260491059,2.711787865,0.9379303991
978,-1.459316353,-0.1503568357,0.1192804449,0.7405408021,3.224246387
979,-1.519676142,-0.1951936222,-1.374252081,1.98855826,-0.08874820148
980,-0.9073521761,0.5759013088,-0.4275109615,2.622999485,1.318974677
981,-1.322167839,-0.3807871925,0.3992992859,1.38983229,3.145880251
982,-2.123298656,1.25508283,0.3696709222,1.920959979,0.2111623294
983,-0.6087585443,1.466673495,-0.04043789784,2.090430158,2.957698161
984,-0.8235731165,-0.2123665851,2.643945115,1.792008565,1.418857804
985,-1.983352532,1.857952563,-0.2508372201,0.5027918745,1.757720729
986,-1.291276433,1.960568931,1.592195226,1.001854728,2.369456576
987,-1.302279512,0.549676891,1.975197799,1.335500447,2.542533944
988,-0.9854984211,0.6360459348,0.003283273077,1.401080034,1.265789855
989,-0.3902426641,0.4683541672,0.4732475469,3.876783846,1.065982063
990,-1.642639306,-0.3661771724,0.08417311012,1.295369888,1.353013277
991,-1.701270794,-0.846855825,0.1076158443,1.514722923,2.498950857
992,-0.5750642831,0.2724026533,1.027083968,1.997274974,2.044565404
993,-1.951540671,1.896953119,0.4652463266,0.675468321,1.80593075
994,-1.033719116,-0.491345092,0.2247018842,-0.195867307,1.935671564
995,-1.206365833,-1.819601292,2.19096509,1.978510045,1.646022548
996,-0.5161558232,1.019389077,1.177951606,0.8224143693,2.963603231
997,-1.57236679,0.825609768,0.507616654,0.5754883359,2.253672758
998,-1.613886045,-0.9782050944,1.289348015,1.65091421,2.407967079
999,-0.3784977639,-0.2290190628,0.3583216685,0.7969713999,1.426987652
1000,-1.468481511,-0.7686496995,0.02874193317,-0.1614789062,2.998132363
