"Respondent","RLH","ASC1","BTime","BCost"
8738,0.672640326599912,1.1536194457694,-0.0111746249668498,-0.653516445926089
8740,0.630346862434016,1.16170060067194,-0.0130747872940949,-0.531142082243253
8741,0.842288539756622,0.70442528372031,-0.568116392795522,-0.511389285385907
8742,0.514476904169485,1.15734358345636,-0.274539655781713,-0.6487181810204
8744,0.482261036364599,0.432683482388405,-0.0175317288296459,-0.546057592901431
8745,0.494008991504303,0.985149170937102,-0.29168509703217,-0.559580325657225
8746,0.957962537068115,0.883933827974547,0.150722499346112,-0.61305302222316
8750,0.550841949351875,0.851022195394804,-0.328913584070206,-0.633550807149715
8751,0.639282250140544,1.01334372722789,-0.260867281731111,-0.847699867124564
8752,0.948298637921134,1.02398437683605,-0.477115498235366,-0.600865167618976
8755,0.616225066250023,0.948188382952754,-0.0500139142084046,-0.735732374677557
8759,0.523634864898667,0.854138885647225,-0.0881499797899963,-0.663284270846698
8762,0.939175186936751,0.951487232590489,0.174164130764309,-0.599340711000686
8763,0.723800037525912,1.13497111514299,-0.318856263857011,-0.498903306991379
8766,0.483015322920498,0.949104906600382,-0.270986645007498,-0.555933379953896
8771,0.53182362006631,0.986482778785215,-0.275432544194398,-0.673214458709528
8774,0.956848632416052,0.847816126108367,0.187341878166313,-0.567686714743067
8775,0.911108405571845,1.02911111549864,0.185961895084856,-0.585090304576904
8778,0.53474342827429,1.19993019927515,-0.339317605543968,-0.505960107188322
8779,0.486566505474646,1.15143736104564,-0.144449836977867,-0.300363632328271
8780,0.492455010682448,0.693043038749215,-0.0279176888915845,-0.496150172440616
8787,0.921549352260849,1.02365455131671,0.171358258230223,-0.612451911201883
8800,0.586806960405945,1.04601220887623,-0.238097417443162,-0.723538257015069
8804,0.78425369998759,1.16286723074465,-0.341196238690255,-0.680507905245813
8806,0.618867312329021,0.950886118740917,0.0405563186015037,-0.370166162342739
8808,0.955345625350673,0.896417364181976,0.208280255205844,-0.52029500001593
8814,0.662044712474935,0.769659130336978,-0.454293209095275,-0.591221326962708
8815,0.589378130687029,1.12692836685328,-0.260563320779034,-0.761404135133086
8816,0.950089045707464,1.0390187732846,-0.485211164455374,-0.552087860785625
8826,0.972603867395127,0.793913782940276,0.17881565721697,-0.549055985168748
8829,0.587528774245958,0.939812565322194,-0.249192597959896,-0.750304436074743
8830,0.607756242493404,0.996698474740338,-0.414458614005488,-0.563156053030043
8831,0.942820442050889,0.886467207148908,0.207453963734236,-0.5480895851691
8836,0.454749369925798,0.870183749960208,-0.158750964178058,-0.46475907525156
8838,0.967080722509534,0.843494507254784,0.176447987414831,-0.590982618723007
8841,0.934672562547909,1.00571214344551,-0.520362224310282,-0.552537488878869
8844,0.513077357537938,1.09736056580696,-0.253684049164297,-0.649197864789864
8852,0.878916406900982,0.816249080967875,-0.566780021924759,-0.521213911810688
8854,0.858903269598479,0.743097388827467,-0.550195501367272,-0.566513478597197
8855,0.51184946645525,0.704017793161975,-0.333231096717886,-0.458745140496862
8856,0.702400738091097,0.94600670492555,0.0281637188813271,-0.672476691871419
8858,0.931302354243731,0.99309955106638,0.163461204750971,-0.608877948232335
8864,0.595999782759136,0.756917242844489,-0.0366655211306597,-0.640821777728358
8866,0.948424395686429,1.06117621180194,-0.48553254762651,-0.540269893573063
8867,0.646867362326397,1.11965314729565,-0.119535114543128,-0.766534051256482
8868,0.532479300782336,0.901214248517841,-0.38030940741885,-0.456756175604238
8873,0.961540366294423,1.0578237756677,-0.44904167867853,-0.582615782464281
8877,0.603972685608892,1.28008805653005,-0.410506208396576,-0.674576790531123
8879,0.548255289061001,0.874783464754785,-0.198239260257991,-0.840044698487312
8890,0.655703414963417,1.12220911583026,-0.0330181812349326,-0.630846204601513
8893,0.513351983165077,0.520545544406985,0.0252660690210466,-0.49358919089822
8895,0.615014064024744,1.13896424658714,-0.124654174400193,-0.743075590228365
8896,0.627892500355388,1.1045259238812,-0.297150341948016,-0.834194677136101
8897,0.90952683331583,1.02241929118884,0.185413608161727,-0.598940632925016
8899,0.965308193726045,0.824640663157046,0.177326143425077,-0.569183421604328
8902,0.596561911871014,1.05572402111955,-0.277049482923993,-0.580904812829042
8906,0.620457852962087,1.0213715566445,-0.4385774963886,-0.534889031037444
8907,0.643901345786359,1.15404424456684,-0.372622997925997,-0.535820779509473
8913,0.497626126684889,0.691369051511173,-0.288056978774632,-0.401397608294276
8914,0.748049691523208,0.845434953272029,0.00617190063060747,-0.689489291685419
8917,0.671627718324506,0.766525555746108,0.100740542882243,-0.397492010632383
8921,0.510222770261852,0.711381147876657,-0.0368220796124205,-0.586493756986298
8922,0.944891901837028,1.04059965512243,-0.485939729147054,-0.527201579228183
8928,0.496089695527588,1.03913424895274,-0.127698663817901,-0.525618048302502
8929,0.47241762010886,0.70519412288586,-0.259223811164754,-0.505077603954098
8931,0.628624763378906,1.08654015331251,-0.352923328615131,-0.820609151825174
8934,0.497438184315144,0.883304905315686,-0.274678685289553,-0.661742935551481
8936,0.918623054770257,1.00365302451011,0.171677819739015,-0.607398388353997
8937,0.945044343836157,1.02305838957202,-0.483681291131333,-0.602471363056472
8938,0.552526320419136,1.18158569365874,-0.302857842863479,-0.713671182582537
8943,0.676254831326906,0.852576234739971,-0.466668550737723,-0.560059168286634
8945,0.846742243312407,0.763958355427363,-0.556354597755036,-0.569662785586642
8954,0.667578772843023,1.00793740457029,0.0490531705785318,-0.56414493167351
8956,0.875512077288537,0.781772722936209,-0.551779288133855,-0.580361437524057
8957,0.650928902744052,1.09554399628577,-0.419247752760858,-0.701608205387534
8959,0.953581599157719,0.887355850292522,0.18373393263423,-0.585680224172319
8966,0.960141735794447,1.00563662526167,-0.454120680300384,-0.58505941479
8968,0.592476460962837,1.33844439371812,-0.354157871986974,-0.697956921850011
8972,0.46345002167065,0.659798552763127,-0.0847838285095969,-0.536148604306031
8973,0.948164192248152,0.979689388973741,-0.472033261027781,-0.496820168229128
8977,0.747197153762869,1.02068791616667,-0.478862055946764,-0.677966983065841
8979,0.841946638962783,0.702516897735619,-0.565398231417683,-0.517541365672881
8981,0.533391874773814,1.04764743472893,-0.331722806049676,-0.499525651015634
8991,0.461381700733957,0.664803689550783,-0.194739978273446,-0.594738022517819
8993,0.917274883486801,1.04686640270758,0.173600473007296,-0.612239404973559
8996,0.515253980394658,1.06908268773433,-0.224348207386607,-0.691819873048937
8997,0.91106438498559,1.05203307535453,0.183993702393307,-0.597796419650354
9001,0.664835122771035,1.16612794526338,-0.0355051677082977,-0.647702021025604
9003,0.590136081817111,1.21851503001832,-0.247600262980921,-0.777251213721587
9009,0.756247947330614,0.776619770103891,0.0280318287692986,-0.676065261146852
9012,0.551245077259471,0.894646469883483,-0.373633155547779,-0.497728265607545
9015,0.825055773399913,1.16159024251233,-0.387515375674239,-0.7269317535405
9017,0.577525973069703,0.996557571028597,-0.231792911525943,-0.894209855883138
9018,0.642287200245472,1.10139257587284,-0.293240618505768,-0.546894010408315
9019,0.52696244498363,0.959793677795202,-0.153905921056957,-0.668598203349224
9020,0.500485658074629,0.994209561528482,-0.18876024140534,-0.642813174246667
9021,0.751317223649899,1.06225098534569,-0.426283910439817,-0.641027301133617
9023,0.488442652198409,0.73619345756773,-0.283906766167705,-0.57826281587301
9024,0.62950804688309,1.104100026765,0.0132420302500545,-0.496787152272422
9026,0.502429091455518,0.992386181858999,-0.224607630290822,-0.684324534003605
9027,0.550809231140078,0.982757752392305,-0.377743265471605,-0.581578789176336
9028,0.968954923766237,0.816550433114772,0.182081864856706,-0.580520258391612
9033,0.763683151120604,1.09908628236257,-0.332405222670701,-0.847991526089689
9034,0.501376215769371,0.791376888309679,-0.211840817444475,-0.73619855377792
9037,0.476502681030761,0.534447926224514,-0.251916052834229,-0.509390284904521
9040,0.474568576345147,0.976654975345785,-0.13775964206849,-0.500401829983274
9041,0.592944832942821,0.854433113310324,-0.0113165063022601,-0.670235634604127
9054,0.481531174960166,1.02849967246343,-0.196491308189928,-0.561156674888784
9055,0.595945525264671,1.12838419381282,-0.208481320900219,-0.84844036956827
9056,0.566546677744135,1.15477055853449,-0.183050365131803,-0.740091213823224
9057,0.96581167547003,0.847170218341022,0.178928321411787,-0.565592756516222
9061,0.95169034821336,0.874739879957425,0.193651369294428,-0.560133686109976
9066,0.606295062521807,0.874406972455675,-0.259478568791942,-0.574295602883939
9069,0.460825184550318,0.695175678652283,-0.202646418191461,-0.556410146013066
9072,0.906851166625855,1.08464974065295,0.160187709193871,-0.618035768925955
9083,0.656442118379886,1.09565930039897,-0.389899615594537,-0.852075799035377
9085,0.463794071816921,0.740642324184005,-0.186284516787758,-0.592847795405024
9088,0.746022298359262,1.01579291236701,-0.0535917508943599,-0.762607439529068
9090,0.971450019357397,0.805759260588726,0.193433630034653,-0.567409498235736
9095,0.657707162638119,1.00084826573993,-0.0386052367945928,-0.557087366753064
9099,0.967339571491829,0.831214202343441,0.178701038982496,-0.556944653993243
9105,0.911124849500234,1.04726443807785,0.187699760477404,-0.588775842572745
9106,0.539762737291862,0.863432109954799,0.0191976893696505,-0.393730566285382
9107,0.688832774833062,0.852303580210401,0.118653156604823,-0.502818253336691
9109,0.510840842976456,1.03342750318178,-0.296412353241632,-0.651049515213825
9110,0.551798906731656,0.843287129820678,-0.297058220902583,-0.674541073209662
9111,0.967990321030455,0.869159027051665,0.156167707738355,-0.596128610531026
9113,0.957373624838912,1.03425918417439,-0.466606474397676,-0.580020078397235
9114,0.532510997989106,1.17578439713696,-0.198632099720751,-0.625729304381586
9118,0.714359711489736,0.945355438637398,0.0327842615854101,-0.684348701630491
9119,0.520833545117509,0.946621323199042,-0.0411189702062734,-0.325757016541991
9120,0.950311847296458,0.932069320569451,0.143540118833346,-0.620092796002188
9121,0.48757072818046,1.07399507274787,-0.223914856455538,-0.442248929678005
9123,0.46449605423782,0.987910811257578,-0.16055555455479,-0.429108581364125
9127,0.965297667858936,1.07826410294737,-0.447313982458882,-0.60160915029557
9129,0.510988975368589,0.886395417061655,-0.0858253395904668,-0.555184279435159
9133,0.968223705113305,0.845754306729937,0.173022891995332,-0.579586894488044
9135,0.969389441510477,0.856497766824318,0.184552877124347,-0.552973384594516
9143,0.479119249035725,0.863728078029546,-0.268532890670336,-0.337765477881052
9146,0.737005412220441,0.886433580102558,-0.524017555461586,-0.590896533795295
9147,0.556925516415344,1.0372172393425,-0.0907008274420754,-0.580474301326219
9148,0.491314292559821,0.708431886350653,-0.120756092724464,-0.668291665146155
9149,0.550701560768624,1.0839995931916,-0.080353120252116,-0.561144161851952
9150,0.733470161939048,0.800321535727118,0.0422304088049279,-0.664727705789886
9152,0.940953140317767,0.922647837927491,0.189083765277436,-0.578106189669361
9155,0.518462352874323,1.02700567858958,-0.15757541469316,-0.642054514435154
9156,0.773242193303998,1.00392128692619,-0.0462678545973742,-0.789987466648038
9158,0.715471175789871,0.864957401777718,0.0190384671939016,-0.661741208528212
9162,0.565607837533781,0.820557524425285,-0.126708489026742,-0.759336885827985
9164,0.599411755644056,0.754585433729976,-0.0516073080995582,-0.621604380924158
9165,0.958444058289536,1.00714314050255,-0.452123430389771,-0.587040219375656
9167,0.973315603760689,0.77448471727556,0.178487489939351,-0.575600463882702
9168,0.459168310572427,0.580552270107589,-0.201165182860084,-0.514954170223463
9175,0.51477478536057,0.84393444370612,-0.0796947693336956,-0.620909064122175
9176,0.501613219438433,1.08174643673937,-0.109702385133974,-0.516626772685773
9178,0.841699970703948,0.711929216366896,-0.565613470438683,-0.512257811721718
9179,0.490782893436265,1.00904999037906,-0.285029466813227,-0.586765563704014
9182,0.491445473000111,0.522700744155244,-0.0664397228761815,-0.649879246266674
9185,0.591099858845998,0.972082186776827,-0.273274209907316,-0.576493481586905
9186,0.716168351397108,0.855997157604358,-0.509117001038493,-0.528700796902846
9189,0.531459325316813,0.841805903012041,-0.331320168779661,-0.699118151671144
9190,0.626309256114087,1.04473220341355,-0.260304161968707,-0.82372831686753
9191,0.961451450569302,0.828317164811314,0.195795966182908,-0.561640547773575
9194,0.967884944917312,0.841567900989659,0.158334583491308,-0.590633468187258
9195,0.626233920197343,0.862582827121282,-0.131877426337712,-0.867272585337034
9196,0.494333530512423,0.974324103959353,-0.219239284366369,-0.56498772290032
9197,0.940898431731144,0.932997196204591,0.183754654826973,-0.581169450003885
9207,0.682595755584691,1.12562483565819,-0.46776135021884,-0.605875780520993
9213,0.685614437993597,1.11004046069962,-0.00673320990561139,-0.667738259281477
9216,0.705165601918052,0.778401290134802,0.135090637910289,-0.494139614873662
9217,0.865894863789518,0.785699892602932,-0.568496248598312,-0.526530506225395
9218,0.454112323427828,0.92096758308501,-0.137772483652873,-0.419871322173607
9219,0.900223933778926,1.08025501782515,0.163561997040655,-0.593626595534493
9221,0.626272882286049,0.890308211140066,-0.268850687620987,-0.266850670776596
9222,0.473610466333665,0.813392186924093,-0.0593126931599445,-0.375644474117123
9234,0.531703965122982,0.748351179272598,-0.361564730646093,-0.56716655315153
9239,0.655835470548024,1.12453611129484,-0.026539301053281,-0.60203862755331
9242,0.49956235488733,0.932843525495333,-0.206663376998183,-0.700163848936091
9246,0.494633951208191,0.883196658321118,-0.181081337296224,-0.664003488172726
9251,0.931908032945522,0.987247376187956,-0.503063131286901,-0.618945451315088
9252,0.629775626719896,1.01391175286437,-0.413998925460241,-0.634072665613983
9254,0.646054244798187,0.972134770539815,0.0215295417720614,-0.518080692515057
9258,0.574531950778608,0.891933420143945,-0.139631718546564,-0.80370231801893
9259,0.5618943721944,0.987414072762005,-0.399224228863685,-0.671978038501531
9266,0.684533455714816,1.15571634657189,-0.0255150144914914,-0.691835465372301
9267,0.955139428299332,0.931216750602546,0.172680585570651,-0.593166807333641
9271,0.808361550361273,1.12099440875101,-0.383916401113177,-0.720487814211496
9273,0.588309981453498,0.867437588116262,-0.429533664530352,-0.628443953772684
9274,0.949371155600213,0.880931037668501,0.192819959759771,-0.577277808755304
9276,0.906825134101598,1.04996623350841,0.184650953956171,-0.599647263789011
9279,0.950385445365854,0.912834057523933,0.150250667335064,-0.632444543082542
9280,0.548101181367302,1.04267490307424,-0.0559836273370067,-0.548432679901086
9281,0.548898085787665,0.945291738626735,-0.0642263265299813,-0.522570477835533
9285,0.467162506305666,0.737401468960469,-0.177451482664405,-0.603205593847006
9288,0.607783554601182,0.966068018001803,-0.0590778578797811,-0.733197272965131
9294,0.481236177605314,0.706592642107035,-0.205594278763957,-0.573985254246117
9299,0.965431719695872,0.856474654497674,0.172060664096462,-0.574213447019895
9300,0.581612138304468,1.06590595497375,-0.276599457490019,-0.435776770187541
9303,0.499045269277206,0.842769931518145,-0.0945793445819946,-0.589467368042807
9305,0.75230775456866,1.01645270838014,-0.488032450507281,-0.625511186218855
9311,0.486271630896806,1.02434599020478,-0.220150862717813,-0.575026532203638
9318,0.661414729262707,0.98890423975921,-0.14148303972771,-0.88385376342552
9326,0.764003131550115,0.760302581889624,0.00280637422377438,-0.708226110960347
9334,0.490247936050819,0.646037594036742,-0.0124856318229555,-0.423331841779356
9338,0.750908884169189,0.811534291863369,-0.00472259677674039,-0.72237710295054
9339,0.666263827938212,0.997373649949611,0.0437806671288162,-0.56447523678308
9342,0.525093336668661,1.06949345818832,-0.25119963629139,-0.638646844023765
9346,0.694212674789612,0.968995799116904,0.069717661488012,-0.614046966372049
9347,0.953003101616632,1.04421518405665,-0.477672329418584,-0.525374453447675
9351,0.612657395172641,1.05937333302572,-0.357279200047611,-0.629390946979704
9352,0.606832710582452,1.09647049472602,-0.296627982553845,-0.85619770040652
9354,0.552589065816445,1.03894457106029,-0.34985804526256,-0.609438478765121
9355,0.642481872962339,1.13205361308723,-0.125515285938744,-0.788554489042905
9358,0.699853729869404,0.979339553388451,0.0520838794844128,-0.659928958944979
9361,0.921263765283815,0.976892765095941,-0.515548772041962,-0.507150886065033
9366,0.510107038612092,0.828252989631012,-0.0793930596649065,-0.607398328315939
9367,0.545372149580127,1.06423035288268,-0.192127788288526,-0.711930788622729
9368,0.952791313530646,0.995437107944,-0.468587172770433,-0.503757395308126
9369,0.758881942768343,0.819670462834437,0.0308503215934827,-0.693251595134311
9371,0.655739757584811,1.00295264921639,0.0604122704913401,-0.549934086211607
9373,0.951384390007507,0.871314554189125,0.193015179100697,-0.593140953158883
9380,0.950907232799192,0.921228372290703,0.185415734018814,-0.571834289239859
9382,0.573878140738116,1.17557224703912,-0.243190525771535,-0.752873547143792
9384,0.931375772266194,1.03753982127466,0.0947167944937735,-0.688126947235573
9389,0.692598355895745,0.677999351407543,-0.0344226925633497,-0.791482771696533
9391,0.90266275469243,1.1014644654768,0.154746454823946,-0.64407584236105
9398,0.480958897277564,0.830765482463953,-0.172994949389032,-0.620442304654941
9399,0.450256913273754,0.82270125329121,-0.133968110986633,-0.406050610136433
9402,0.634068649581231,1.17674218519964,-0.327337812590708,-0.546955569918408
9404,0.522118842898957,0.85068405597427,-0.102426924861218,-0.640416928794758
9406,0.688885040364439,1.04783238176429,0.040415290826757,-0.611531759148239
9413,0.958233312157303,0.93813007713248,0.131268038934497,-0.615998363801477
9416,0.485867564516018,0.798499942995191,-0.0937841812421605,-0.505630820226325
9417,0.530553742208115,0.758413649006353,-0.341262430407755,-0.608587205819652
9418,0.604361943739563,0.735788509904473,-0.0112928703323091,-0.656346616074133
9422,0.533353592208635,1.19156927090305,-0.217334231530798,-0.61270036696464
9426,0.91995117213329,1.00868279756356,0.17516186317133,-0.61998461753845
9427,0.960608143776194,1.05458657588919,-0.471781089827397,-0.556889449294736
9428,0.923888504287979,1.0150063869502,0.136178178609129,-0.660250743051691
9429,0.579470380465298,0.887748184851676,-0.383446112218286,-0.647852111211439
9433,0.970645446264101,0.78999638705308,0.191457978269691,-0.559180481870487
9434,0.941852309082131,0.914637498457976,0.190548064889029,-0.577345628933366
9439,0.925947833693342,0.977955402252157,0.174214377091167,-0.603387698803578
9440,0.493014550538384,0.808117475142218,-0.310305230221037,-0.548169778642112
9445,0.695664817148278,1.1357373692602,-0.259698792932502,-0.954374595732657
9447,0.730135334148048,0.763716489504968,0.061625369891697,-0.610992286594576
9448,0.928128330052951,0.979745354159536,0.195726771026484,-0.574986198762806
9450,0.482127112703788,0.841359109794775,-0.075115455075541,-0.500228223689059
9451,0.959056726459882,1.03178908800953,-0.467512606588897,-0.561337720727509
9452,0.558171998312029,1.00531307146699,-0.0626470256810562,-0.591811155336486
9455,0.591164983800921,0.875779838530844,-0.0356093675529225,-0.66133996171653
9456,0.568571358177193,0.92980326273819,-0.0219775270222155,-0.598840405587242
9457,0.71803347990454,1.21743121660694,-0.107891988405729,-0.767687996903587
9458,0.75325051532279,1.07910881134229,-0.472074815409502,-0.527077419493772
9460,0.493590557294114,0.68308659671362,-0.288645161851195,-0.359109211033266
9461,0.488097448758446,0.989233045774048,-0.146485580824128,-0.598956438541297
9462,0.685906888610878,1.12239589863253,-0.0349234208811038,-0.703804520070088
9464,0.533514298315233,0.760764374309174,-0.35501551752158,-0.479098852298833
9466,0.660145546694471,0.803314826882846,-0.0743161944088391,-0.796156438636582
9469,0.497473039944643,0.923952630116452,-0.123007231940323,-0.556086329203945
9472,0.508697350779334,1.02106400239778,-0.129703216197389,-0.588766227581801
9475,0.688458339244344,0.852440539420312,0.118341761784791,-0.492281996121963
9476,0.548930176945098,0.725038369031878,-0.362307326006819,-0.625784909665783
9477,0.929677006935838,0.980387276775641,0.159073306777561,-0.61943447937899
9483,0.546083789877266,0.809101773963593,-0.31900663858781,-0.642574072162633
9485,0.925933706752266,0.978291124697505,0.197580546114883,-0.577245916163176
9491,0.754208866679731,0.811855179422637,0.0402545987211304,-0.689939200702985
9494,0.575593335634337,0.83213888682264,-0.0322282390723193,-0.617925424842139
9496,0.785943007096196,1.03388242112839,-0.454618436081264,-0.571007371862829
9498,0.908466063991944,1.04449017231153,0.177284665300691,-0.593151138725154
9502,0.528054489067871,1.17323655824776,-0.266510285941754,-0.596651739047414
9523,0.594084851396826,1.07062391177573,-0.100850746816949,-0.680719756717975
9524,0.946274735882041,1.03007145208196,-0.504384204875891,-0.590379749107308
9531,0.60626097679353,0.898520900825719,-0.0556208463082149,-0.730134197362905
9534,0.50366606330697,0.930173580757275,-0.282828160757826,-0.657511627853265
9536,0.905973174204614,0.909767733568156,-0.524593095395202,-0.580222746427144
9538,0.530972491467476,0.867009553409417,-0.149733783412669,-0.713209845235478
9541,0.493172990124487,1.13665661244876,-0.2370010723813,-0.554302615434449
9545,0.777240241096548,1.10627055759111,-0.332206393494928,-0.883248608137139
9546,0.954216138169937,1.05985407148292,-0.470520573336931,-0.581660563215916
9550,0.960270170503555,0.857164371541145,0.183007572116564,-0.575653632313872
9551,0.499458171603143,0.977568877117253,-0.205616493359294,-0.653761968467626
9552,0.62565844403666,0.73110477385938,-0.434835643684278,-0.443072911341759
9554,0.647482942493674,0.740581746719533,-0.426834986161703,-0.623261049296392
9555,0.921835927273068,0.967298718773283,0.178835639540917,-0.610381334854313
9556,0.474795521273322,0.902532888582053,-0.152471697659588,-0.603627548965259
9559,0.736097808094307,0.768231379482213,0.071435006973518,-0.634982491722721
9560,0.716859340475789,1.04314940985048,-0.36009497686995,-0.594472330270547
9563,0.513249326296062,1.03695136801152,-0.159785312261638,-0.623830000542679
9566,0.656208598140712,1.10656788620128,-0.0266688154722454,-0.612361309858345
9567,0.638147805594643,0.940489933336668,-0.0599848445872344,-0.744506519843926
9572,0.936268337087401,0.901318271609543,0.188075106156906,-0.585719286318845
9579,0.535091324945734,1.07082286774971,-0.158947713865273,-0.684881692764191
9582,0.545717309107624,0.985150866322505,-0.354601918362729,-0.673901036668801
9584,0.495511603884802,0.778558414729681,-0.0378050634011999,-0.51407489688151
9586,0.655437752407698,1.10912215133474,-0.0303257653136086,-0.627625211615827
9587,0.718692483923859,0.900450532034445,0.0773492454860725,-0.633858926397853
9588,0.549767900601436,1.30609559588524,-0.323004627572782,-0.540968901547295
9589,0.900059399442068,0.87689418929426,-0.534200955205157,-0.595053360629998
9590,0.591353335151906,1.06560413241282,-0.0988410251896198,-0.708640745969146
9591,0.966651442865153,0.857268916412369,0.17069937201861,-0.59036850750808
9596,0.946081579845247,0.910693627608909,0.204542975151761,-0.560401631993272
9597,0.581058487066568,0.936569465955665,-0.0484818984171202,-0.626503677788513
9603,0.582708018480192,0.993242951848345,-0.0981604851647474,-0.664764790309984
9604,0.698303172935749,1.09856754670791,-0.00530660790530433,-0.69009831812361
9608,0.73226584182675,0.856677722712571,0.0418340952326457,-0.666071031956742
9614,0.965253983276388,0.815528065111963,0.201522208327991,-0.540407185989779
9616,0.929923090117161,1.01815434857681,-0.510041147819191,-0.512313874567247
9621,0.667190272523116,1.13951251884242,-0.209806763415769,-0.896391232361712
9622,0.638045131727109,1.08023400716634,-0.030942745643132,-0.548846996108188
9623,0.533802993724542,0.85522064252854,-0.314808951797429,-0.326535516648793
9624,0.712975487422394,0.901611304431844,-0.395620963128333,-0.71500747984835
9625,0.755986618594344,0.990468664398985,-0.498768512253398,-0.603221495113143
9629,0.718537717328468,0.89387197366485,0.0747166296179285,-0.647783557987566
9632,0.970580617639665,0.814527918949521,0.168573375677198,-0.585530070762539
9633,0.663566397192632,0.975946355362017,-0.330815640324529,-0.792841783561458
9634,0.706463627560814,0.867241405670791,0.113913592967865,-0.571388881084914
9635,0.50091429075581,0.608897674465415,-0.279279079974832,-0.549638594571209
9646,0.515624292910239,1.15220016968251,-0.201114043896551,-0.607004466020972
9648,0.934758593696068,1.02530662181115,0.130092404290072,-0.654300078037211
9649,0.674779518679503,0.881298029269739,0.0304917040327981,-0.569581772193388
9661,0.563596512893651,0.501610381553407,-0.373795409021289,-0.530511149438112
9662,0.896775896597242,0.872750775397149,-0.551694194290467,-0.558962030859232
9663,0.930847590405664,0.976565046353887,-0.511253381745248,-0.464065245128978
9664,0.947861623066723,0.906084663082252,0.190846819394384,-0.583424810381555
9670,0.662768021908668,1.14791668994992,-0.0420117823049738,-0.664284782828362
9685,0.56149284665043,0.922519444831484,-0.0442334061905323,-0.580808516877464
9686,0.494891212881573,1.0572588041407,-0.268515987591984,-0.542369953078233
9687,0.612453834434765,0.938582015966627,-0.394420408326154,-0.712493943302279
9688,0.557182703600476,1.06500540345762,-0.074963991756639,-0.582691598869859
9691,0.676661633234509,1.13614298492703,-0.436120920305445,-0.59116692823444
9692,0.968770784670016,1.0666417611993,-0.44551187036243,-0.611783562328667
9693,0.77354793631404,0.965447667925282,-0.0720280215615952,-0.803210405049044
9694,0.579458073345561,1.27833852648637,-0.15008585904121,-0.630721537763879
9705,0.549564284455046,0.849861189305266,-0.371693576139343,-0.514800297231732
9706,0.572180879359492,1.13316294240695,-0.380028364971148,-0.521854657549086
9707,0.507984947335297,0.635506640642307,-0.328771102436587,-0.506747783356082
9711,0.909345957849684,1.05379813218022,0.190432322472368,-0.599197154766584
9713,0.683717505697028,0.942247192385471,-0.297291164600293,-0.83461190839585
9715,0.915802427357849,1.07982749206992,0.148905268203298,-0.632117185604568
9716,0.886367416485658,0.804066694799864,-0.532086435155145,-0.265807486571674
9717,0.970875907268626,0.855087948019605,0.163290708154907,-0.59488142708073
9718,0.970918961185931,0.823801890720013,0.191945729817131,-0.554226522275729
9720,0.471662835453236,1.0498384747402,-0.164534281397228,-0.483171357142136
9721,0.562951950667169,1.20541551884542,-0.292710049854312,-0.348313405440742
9722,0.594737199671231,0.798680428597072,0.000588536868215709,-0.651825907688213
9723,0.474959473006294,0.72140591836953,-0.115933273653399,-0.609631025627648
9724,0.711650205948251,0.915378663255762,0.0497652255778203,-0.6645197328854
9727,0.577249886870306,0.898301452592327,-0.010753310766733,-0.626654264279696
9730,0.967639129037506,0.830565673197974,0.183824819860634,-0.557119800167095
9731,0.735865269775169,1.08216251809587,-0.324805909648235,-0.667181699402085
9736,0.960762614910053,1.01132549078949,-0.460914021264984,-0.587150719833445
9745,0.963104914094753,0.875480605905988,0.176888357973789,-0.587169495939438
9746,0.671455885791046,0.855758389174049,-0.461090065201513,-0.490387174336876
9747,0.477415223667742,0.951537509848792,-0.175141294876504,-0.573407203197323
9749,0.70992036077962,1.15261354782469,-0.279093844861675,-0.810696181291222
9750,0.662458349298321,1.19888524435554,-0.0411384392176795,-0.651965803948087
9751,0.485291946495691,1.05721215331667,-0.115951819246784,-0.436990218508486
9754,0.852683531231015,0.702694044251367,-0.554507215788534,-0.572402590449386
9757,0.711441594860297,0.923118271369283,0.0845493709696998,-0.637298405198871
9761,0.950905863707937,1.03176923233831,-0.47101442260135,-0.520274230719348
9762,0.945005766964217,0.897581679393915,0.202791385741059,-0.553406366834087
9764,0.959391519480046,0.849733987395012,0.185161410743914,-0.592152416437121
9766,0.967463563987343,0.812433722897799,0.181247377528626,-0.563356731660384
9770,0.925924891538514,0.974601355904522,0.193211186632806,-0.590722382835046
9777,0.597261424774778,0.674458940021562,-0.402779436385687,-0.532732699824413
9778,0.95843908762465,0.866539332625424,0.183899797407473,-0.575778507637372
9780,0.54048729856031,0.987252357698566,-0.344428285474932,-0.613337146546183
9781,0.808285961127303,1.1607036509698,-0.389290195458841,-0.728688959638985
9782,0.708611379951146,0.981719928397549,-0.341686288156545,-0.315194735260429
9783,0.954482314071577,0.912855329797084,0.151936556950037,-0.607342730213102
9784,0.516918820042574,0.678140715207147,-0.314087619329472,-0.462683121553338
9785,0.551507519453558,1.00870230449163,-0.127508992064668,-0.737071227629032
9791,0.682419375325665,0.919134352388773,0.0517908727457744,-0.573298732567134
9797,0.573574936161401,1.05640190417981,-0.231042262302034,-0.690531192281578
9798,0.962712211512751,0.867820354931121,0.170632732825108,-0.604389858834827
9800,0.925502354255748,0.933465620021338,0.199788164277922,-0.589412725154907
9802,0.544248099446781,0.811118479636635,-0.356391932957857,-0.483196416148985
9804,0.509207695217528,0.943560189541864,-0.128422832968047,-0.634068863367559
9807,0.966852230538041,0.84854591887136,0.159457886189129,-0.553624881834968
9808,0.968999229182115,0.814297684276961,0.187824305294408,-0.563866989421386
9809,0.959638522838667,0.859364442138065,0.177437308038231,-0.58282418130534
9811,0.523495934714425,1.13107286051116,-0.190458387110254,-0.609651059068763
9816,0.920318058620497,1.01734563652663,0.177453438391754,-0.601602047915917
9817,0.52890953373458,0.803995323537886,-0.264887105069043,-0.62569245909533
9821,0.952665498179893,1.03063600011306,-0.474117775969777,-0.616534927313339
9826,0.474326442284508,0.913407120651267,-0.249524601663571,-0.574479069686429
9827,0.589022720073968,1.07847997537787,-0.0962919994200188,-0.683021215832835
9832,0.669932021629063,0.962261952280997,-0.351457951716598,-0.635718366971954
9835,0.963980203059394,0.836484485744461,0.193476397238546,-0.556466464122486
9836,0.488279616308468,0.859066930788925,-0.215798663987924,-0.597258940862962
9838,0.613927888838067,1.1398496942815,-0.227350834601883,-0.498534749132345
9843,0.456236516065879,0.650036214557262,-0.179156144520165,-0.567620047951592
9845,0.542828926813718,1.22383103941208,-0.116476809880746,-0.491132758785097
9849,0.964168945031212,0.857999424725864,0.164975510215792,-0.603773093677779
9850,0.508102880037149,1.01436100315345,-0.304110962278624,-0.530380683205845
9851,0.670271519097759,0.848694554948103,0.0357994639958664,-0.497253852049413
9854,0.735880917321212,0.99713181978987,-0.0421305483555226,-0.751057279962314
9857,0.618163786999382,0.822584833117122,-0.37149914651676,-0.347813355722037
9858,0.935476712716739,0.919484162302837,0.183765337413755,-0.610697618119955
9859,0.482340219064681,0.924412884300408,-0.159044795059973,-0.590915373411567
9860,0.90879381216024,1.08886093958057,0.161927153825815,-0.629707041816511
9862,0.93486470534321,0.945394944314294,0.185870835434042,-0.574680475211816
9864,0.486617581177565,0.989130948880561,-0.107568022693598,-0.504374942501669
9868,0.573221511924099,0.622548806210147,-0.365036979543028,-0.501615927364252
9869,0.71172685963208,0.933943226602326,0.0878086250799185,-0.609468226324419
9872,0.482304940366832,0.905582424810413,-0.193004094618445,-0.598244615633071
9873,0.965515225719823,1.04968355632549,-0.448251637940241,-0.605945301579831
9877,0.967752560428443,0.855132396456143,0.154582511521176,-0.592151813869327
9878,0.682738138805045,0.869671036971244,0.0151857965792537,-0.589430495549775
9880,0.578482670764275,1.13187796420217,-0.384509648473164,-0.561646749917024
9882,0.952933105295604,0.899885896548461,0.177739337107704,-0.575849261109583
9887,0.745533076384031,0.786208496993708,0.0214155674281298,-0.653889823689333
9891,0.769603452940693,0.796452471107529,-0.00109671855456089,-0.725370220746898
9892,0.933839802848048,0.935511991401275,0.185731134772985,-0.598748935608152
9893,0.530167768248525,0.857432380170681,-0.331210705669208,-0.68487266645012
9894,0.734781075393363,0.927332458741664,-0.496795891590105,-0.565086322894516
9895,0.55922701532227,1.26880009024114,-0.201666048326168,-0.655842869708257
9896,0.624752563707786,0.716497554792666,-0.399873863731786,-0.660952457166717
9898,0.949160897279323,0.863222537118631,0.19197216002767,-0.554683304300884
9899,0.924663154462164,0.979854311857617,0.191684798778928,-0.582694405535609
9903,0.968679153195902,0.839845810357039,0.179665710030306,-0.556302732300319
9906,0.514205398776283,0.743791782943591,-0.0566880530691082,-0.614065188637986
9908,0.527382251183193,0.860563748587472,-0.203745177740943,-0.588435396656122
9910,0.681806949200606,1.21878946476022,-0.288865176324415,-0.815515531994045
9911,0.734100219406714,0.850316718845988,0.0898528512769437,-0.635693405579202
9912,0.941699746744383,0.91656155165657,0.193785883002131,-0.585904503847883
9913,0.77173461450349,1.08173119344656,-0.484042012530407,-0.523924976630988
9915,0.688719675729717,1.00570552758337,0.0411745898080421,-0.65681276343586
9916,0.66882060527789,0.986098811999267,0.0371768002687484,-0.587748317799752
9917,0.688629871840603,0.665883354675792,0.0801716735960816,-0.433253187046602
9920,0.572453901016694,0.961513135569235,-0.333149078497057,-0.757109943275589
9922,0.47922894928177,0.78322463244136,-0.220298342762133,-0.612676834767081
9923,0.721004079653,0.893381418082373,0.0769730680918803,-0.644449459977816
9924,0.53933503309879,1.18854826256156,-0.117884368603059,-0.516036625153803
9926,0.957092729609239,0.880799212163708,0.174698138121112,-0.588658511757567
9929,0.920388681548257,0.997002628088807,0.183265915492456,-0.595603350300083
9933,0.465710389760934,0.793474365201687,-0.124131538592649,-0.568547536512304
9934,0.445860856118042,0.711678859038609,-0.0995115227921328,-0.388496910949464
9935,0.968495814908624,0.835568917230582,0.18549225281244,-0.556056822674093
9940,0.748898125068989,1.08800154171765,-0.474295131618074,-0.429759609198915
9942,0.516530398218332,0.607428875750918,-0.0294490386517761,-0.578343208336144
9943,0.527703086283216,0.971662767673346,-0.192649491342604,-0.349286192557299
9944,0.947306645871074,0.90592827554448,0.187471962882595,-0.575385976338531
9947,0.961241376762929,0.892262432085423,0.17431211485415,-0.582754319458389
9950,0.960767261637191,1.05185382502387,-0.471895055692065,-0.55421298778057
9951,0.489615553433764,0.914943931517338,-0.195081647390488,-0.49866666153008
9953,0.93750841951959,0.930734547340226,0.151647542541102,-0.634052410615246
9954,0.484781656632301,1.01554422714716,-0.101604753213196,-0.468987630194299
9957,0.524457795728488,1.04296321092446,-0.16478616898489,-0.63724949134827
9959,0.939007822762819,0.911396233520155,0.188134612320852,-0.59734653123863
9962,0.556263194203541,0.951275229202968,-0.0555705042892137,-0.572678430413047
9965,0.495761852126385,0.719982876773604,-0.0269671448579873,-0.517713614650924
9973,0.790930595652005,1.1597209894342,-0.318336877770385,-0.665704755129843
9974,0.743524859894824,0.805170752430104,0.0813565802357508,-0.656014179035538
9977,0.521942330505334,0.604762816753479,-0.00207808108870337,-0.575173892432915
9981,0.963844546548619,0.832202050000612,0.172407415895281,-0.591890529270076
9989,0.930012877331805,0.972707604587211,-0.512558929367501,-0.462058111551276
9991,0.663730170088303,1.06068454345211,-0.244361773529925,-0.810662127680639
9992,0.728799840681795,1.07796461008022,-0.346112348255262,-0.827297802809189
9994,0.909616589289615,1.04441766427367,0.176636198740132,-0.620006136488824
9995,0.682295431080448,0.746903054793967,0.0568941887149361,-0.453503516130326
9996,0.481085750882239,1.09323840006155,-0.214410386564771,-0.44633753596553
9997,0.910340407044788,1.03076814178862,0.189087648441343,-0.595804773728472
10001,0.663037544737136,0.705651239985398,0.0886960110978615,-0.28171444878536
10013,0.574756922651387,0.911944198400459,-0.262477799799497,-0.79827949689772
10017,0.905777293123123,1.09066981601699,0.1606425282101,-0.629531572900121
10019,0.943709472034576,1.01114892400111,-0.483811695598466,-0.588639873145624
10020,0.480936501051733,1.13939520792296,-0.150859239619858,-0.422528950264699
10025,0.486437241079421,1.14226196064809,-0.220961489362259,-0.472974449823202
10029,0.859527482135397,0.768418955664553,-0.55231325901423,-0.511805467594411
10030,0.810426461177295,1.16183557818616,-0.39939568967404,-0.687950952785212
10031,0.461684184018822,0.840153599988503,-0.163748980785659,-0.491670172961576
10032,0.513116826478207,0.879490886548128,-0.0834149799990969,-0.603924943233046
10035,0.556574980569279,0.957879312954748,-0.154077501719842,-0.727534217364945
10044,0.676262908440494,0.964632251051675,-0.338069285573555,-0.673009559711381
10046,0.706491446578344,0.877697737584398,0.116400184922523,-0.578466197399983
10051,0.947230048645266,1.02021554098208,-0.486443094564126,-0.535001671452721
10053,0.575038906233319,0.813245703163199,0.00744305445384196,-0.580570006939287
10055,0.532640830658243,1.03120676440422,-0.287523366089321,-0.701006445536864
10061,0.967925045933947,1.04556301148143,-0.457358580373139,-0.53512771128448
10063,0.961893262686536,0.838564015786668,0.17414530681222,-0.602682196972136
10068,0.560352234686618,1.05526244631148,-0.196718982880672,-0.402236876511342
10069,0.916576383144966,1.04429825368409,0.155593685194614,-0.637992933345609
10076,0.963320315861214,0.820031076379637,0.171103225032885,-0.592285623438946
10078,0.737043578869555,0.905006499480489,-0.529368346473277,-0.624557923825737
10082,0.574824497891965,1.03790799016071,-0.0759206425808763,-0.641770536601996
10083,0.664332909563244,0.890136741331941,0.0893456489223985,-0.48647215187384
10088,0.578283678607643,0.868592210496783,-0.00529135981309148,-0.607041325639446
10098,0.968916232097896,0.819957108393426,0.157638183737496,-0.589486853543697
10105,0.707023597476466,0.829125100567224,0.120554514786993,-0.559395818601608
10109,0.941608989972395,0.934177528320398,0.179457399167671,-0.589066822574501
10110,0.913527402789757,0.985014555102313,0.171816352070632,-0.597868138772678
10111,0.937113765057739,0.954831194116011,-0.502414928119229,-0.544045246842143
10116,0.686560723086814,0.861480309394199,0.119744343517129,-0.498861255743042
10123,0.446306276767155,0.730279907451404,-0.173241654461214,-0.398575957148808
10124,0.972835254289777,0.797458784856472,0.170676933676341,-0.586049845030313
10125,0.968317710220834,0.838472278419546,0.16152776771722,-0.590553065611301
10126,0.661809033601114,0.8682221975631,0.0661726096501432,-0.515540046343417
10128,0.932415946335528,1.03132186367265,0.09431206619309,-0.684210176548461
10130,0.904117765384124,1.09831720298978,0.166431835288565,-0.616528239121656
10136,0.968770022622156,0.863468655566154,0.174875542825027,-0.564864753633027
10141,0.910501942110569,1.00453521163074,0.195626632814619,-0.577623115115438
10144,0.653309094024045,1.15026437460102,-0.198510007441683,-0.866439331098379
10152,0.543314330875905,1.0895959229742,-0.206760297174642,-0.677411576295315
10155,0.518135024357762,0.997958338967409,-0.17129942576146,-0.63789842408735
10156,0.943344749755639,1.010490423579,-0.492031998013244,-0.602948936001057
10157,0.949819075289647,1.01755900085295,-0.478844428480967,-0.498620075381536
10162,0.594942962558185,1.0838576081784,-0.413527592461918,-0.689900261229497
10164,0.962409301061889,1.0275810432643,-0.453488892040451,-0.593233886625718
10167,0.924062253883047,0.980799217512772,0.187393546144294,-0.595111581268446
10169,0.964888933969746,1.0497020578757,-0.448309086401374,-0.612522396189383
10170,0.591874636342621,0.759436920035775,0.00120826742004313,-0.621465339386614
10171,0.630841958486642,1.12322414642975,-0.00581616691158843,-0.516257167249236
10177,0.90164758170289,1.08264935874759,0.160641335024733,-0.631505492908389
10178,0.494011488925014,0.946954470011667,-0.210443315498799,-0.648524290595143
10183,0.74973318944212,0.801416886503961,-0.00081701394635582,-0.697769238178797
10185,0.617764615522226,0.948025425539344,-0.426240434733542,-0.660654782798841
10186,0.717128476356893,0.879390659368988,0.101411163194183,-0.620287051109593
10187,0.490901138387401,0.911418213496381,-0.273327118388421,-0.635533765197648
10188,0.692688688909437,0.987132821864146,-0.349355902068693,-0.443946296888204
10191,0.680018820849893,0.902898941746717,0.100071119295588,-0.508833141821563
10193,0.968635121460492,0.797775705650331,0.172403944699338,-0.58755321017977
10194,0.56320947449037,0.816149616194405,-0.367564012512681,-0.633913348739221
10196,0.948563253644716,0.861877785737049,0.18917632958647,-0.570016348771932
10201,0.741641227498066,1.01344726413003,-0.422729593760827,-0.699112218443723
10208,0.670947778708015,1.03819118002895,-0.309509433915832,-0.459736736562498
10209,0.966233890967275,0.859414195738596,0.141228742977428,-0.602136545795631
10212,0.942843844123526,1.01756904146099,-0.489483011073483,-0.556688636015468
10213,0.508763897170267,1.147779762392,-0.190362067678935,-0.503756184046516
10221,0.530395646434114,1.32991802548876,-0.165719623142942,-0.433494980380301
10225,0.473231685746762,0.957535927694744,-0.255249193582908,-0.506294512325361
10228,0.534151017166219,0.546933953919266,-0.00209344408199726,-0.620133067970521
10234,0.510187015307102,0.903036988466119,-0.119031062549451,-0.627901241664717
10235,0.508177857798139,0.76750828821039,-0.0518004174431875,-0.592593662300305
10241,0.556902677766813,0.751361998952573,-0.0532435378747034,-0.480518680674386
10247,0.732361391491665,0.904617341145453,-0.504512633249289,-0.600992679909254
10248,0.964730243732184,0.853664843317518,0.171885515061799,-0.584466421023663
10250,0.477740630813489,0.947921229120883,-0.149105058668179,-0.539773006900513
10251,0.487990001717481,0.839639817756465,-0.295926553068376,-0.547699600378607
10254,0.910404110481897,0.973325523947608,0.200697923834792,-0.577407959362655
10257,0.482377102906089,0.972048509071358,-0.0940780490350257,-0.440958033330904
10260,0.489055890953019,0.799562303547691,-0.127547814987602,-0.675775189755416
10264,0.633363413173201,1.07605388671739,-0.0486387617168026,-0.551791034609644
10266,0.686679743529583,0.986080789415736,0.0529263234550151,-0.639289543808492
10269,0.559751411356365,1.31363601735357,-0.262918901397098,-0.654488371311862
10271,0.966739868044457,0.819486224623898,0.170711609520648,-0.57333670999355
10275,0.507340432266961,1.0346561696255,-0.152038303548988,-0.567671292385131
10277,0.473474994323556,0.804513095706609,-0.232709849885763,-0.514678588516938
10278,0.755523558689664,1.00361462623404,-0.506163744678082,-0.645266116236749
10279,0.578003324463894,0.912572699907386,-0.0149878188797864,-0.616271923588417
10284,0.479951544088085,0.986644682098214,-0.235789073795088,-0.523950034851621
10285,0.549853801479347,1.07836830450142,-0.0763762816437405,-0.555256824967711
10288,0.664131877120426,1.22897605392684,-0.056425427937491,-0.656594054834325
10290,0.492643341158745,1.05218666458539,-0.28936827595771,-0.45219729358093
10291,0.498846689085833,0.970926648806757,-0.213388560180122,-0.65440178200185
10293,0.649758987419621,0.820300444136564,-0.437014902265075,-0.529341694770428
10295,0.769920013811046,1.03209651374737,-0.517706622010182,-0.650026517562459
10300,0.952845165751063,0.898892217744145,0.167171142165764,-0.59163389519039
10303,0.519156868436419,0.842525756051355,-0.0131362685148492,-0.297304847654202
10305,0.599538492565968,0.962630496495903,-0.069864726644851,-0.701387585303945
10306,0.912788196047462,1.05926797419971,0.186682434662634,-0.592153818316021
10309,0.507811886474929,0.657546549612907,-0.052449089126949,-0.566242720553075
10310,0.450287367852093,0.807438800112479,-0.122730768317075,-0.344114478261152
10314,0.588863949217299,0.680428215962318,0.0530167305826401,-0.540962220399963
10315,0.729356563257639,0.977685439008658,-0.396566033103389,-0.713135906024105
10316,0.524876205009061,1.07652278058337,-0.142733810753228,-0.633552076477446
10320,0.576862983653545,0.675018967094082,-0.257962400607818,-0.600430499257632
10321,0.509814602322212,0.741950628712747,-0.206704429995683,-0.509297640816333
10325,0.703926938648979,1.02353904368561,0.0217324781841321,-0.691999419708407
10327,0.833250941220839,1.11223800605418,-0.454850678349258,-0.689259300445138
10330,0.759587204887528,1.07686100474692,-0.442828054312928,-0.60109849552709
10331,0.569641807052774,0.896262213070789,-0.0144147997551337,-0.576681382975529
10335,0.481317973061595,0.870285109202672,-0.0747072657261216,-0.468160380283775
10336,0.655959302493656,1.03037447949756,0.0241534814592088,-0.542470964137507
10337,0.579816408140411,0.785633999148584,0.00265889288877376,-0.588447166749641
10341,0.639614254621429,1.183676892881,-0.0349879447256823,-0.565328163930303
10344,0.951517807538841,1.03516196386834,-0.482733609302845,-0.544195578000961
10346,0.457817418199509,0.982327811329149,-0.103941632355454,-0.341541251860888
10350,0.620346097654338,1.20331443097243,-0.282053185509434,-0.777418852410734
10353,0.916885791105557,1.03863823551143,0.161810552707366,-0.605061410036849
10357,0.956582627326089,1.04196398395453,-0.471124672378372,-0.585880432209621
10358,0.691302088839466,0.943279515128717,-0.408480795716691,-0.609785437546886
10359,0.488057584350002,0.887139506917995,-0.0904491105556874,-0.501557720309501
10361,0.636070818469502,0.963721104364406,-0.146288709654294,-0.84696281209101
10364,0.694393554239424,0.985795517693253,-0.447694419293196,-0.49018332024533
10366,0.915567100021659,1.04147696804945,0.196637011711495,-0.576298563802554
10368,0.576091146163778,1.09552091123832,-0.235306167998531,-0.619855849249086
10369,0.575691982700456,0.89884927087965,-0.402677373218573,-0.630057122065783
10371,0.675446160505345,1.09032588054008,-0.469093992947543,-0.616553629894027
10372,0.945720221359513,0.979727062303038,-0.493528975729692,-0.564628262257522
10376,0.950385108292938,1.01970314154505,-0.480658850000741,-0.542949848053331
10377,0.560459054535078,1.18455862774186,-0.190397004371424,-0.70419694836812
10388,0.969239487784474,0.811997520643027,0.192317431756003,-0.543123907795773
10389,0.710030939648949,0.933341175818792,-0.470375040288995,-0.492781118005654
10394,0.685715416303311,1.21532364358795,-0.041642888075887,-0.706119508227483
10397,0.516188022340399,1.09088158670796,-0.324641200015169,-0.530786818827137
10399,0.747305609293172,0.808651955558392,0.0112776475262087,-0.681211684721736
10404,0.590383073346825,0.984222669586831,-0.373339529190866,-0.661387075644506
10408,0.544168658526026,1.07767041718635,-0.0655725548070369,-0.490544588355623
10412,0.959675551029701,1.01794670943654,-0.449944632973382,-0.583050199669558
10413,0.921580128783373,0.988605215653332,0.168187914753064,-0.613319020966445
10414,0.655584334916504,1.03362241025063,-0.472535961627652,-0.56277276640632
10416,0.483217943029468,0.97786042181936,-0.114632164754176,-0.456226475873903
10417,0.951529404014007,0.894649913313861,0.182838637014035,-0.585689294154287
10418,0.937085919761939,0.95248806272544,0.180004289415104,-0.598874786155158
10420,0.969103268518003,0.86733397789825,0.177790937554631,-0.572697649917811
10421,0.496394136047735,0.816997093797926,-0.115799587272732,-0.500224079218151
10427,0.595920003486493,0.73070331756964,-0.0398213880488583,-0.600965355442281
10429,0.474689917134499,1.01187245078069,-0.222497336209622,-0.363024373438553
10430,0.547263391556753,1.0878209489228,-0.198204314305968,-0.712321873421698
10433,0.501775310393027,1.09411671191269,-0.155735761635194,-0.530135083717631
10435,0.951140139203031,1.02124036574558,-0.480576137934784,-0.555505233168449
10436,0.52423684512207,0.958135792995532,-0.185562173084016,-0.57478965394018
10437,0.968837431281519,1.08384083321276,-0.4603165165713,-0.588682234564793
10439,0.732495018153009,0.794920442870551,0.0848266076002693,-0.624015445736787
10440,0.482077560274939,0.8929210693823,-0.212089625188703,-0.59091217284345
10442,0.944069410086162,1.00555886151483,-0.493560142444092,-0.529908139095091
10443,0.579394516337117,1.29372427596573,-0.366019641906098,-0.581229632817974
10446,0.950794313532996,0.888556583400752,0.186359837487259,-0.561982155651966
10447,0.498734430916594,0.902681060157499,-0.110930523257029,-0.553142553850826
10448,0.967414521516501,0.824014028687421,0.184685783467076,-0.553186420032994
10452,0.959086277473706,0.838479564339661,0.18276909271362,-0.570061848775859
10458,0.495522862925063,1.00566525046621,-0.25437173967179,-0.639474845680949
10461,0.973370207206075,0.843755358432073,0.170512269969788,-0.56642819788029
10464,0.638469894931874,1.27995009441435,-0.394996536762216,-0.601124678225986
10465,0.484503212027925,1.1330841994395,-0.129968524174595,-0.477089746802465
10467,0.581324455954661,0.831768548761858,-0.250730004689864,-0.708430045820612
10468,0.905394610314041,0.880902641007466,-0.53579211769037,-0.414018346303429
10475,0.965635197726852,0.84772269313063,0.151902919356181,-0.610083009834558
10476,0.968702354062837,0.805459972849157,0.183036773657034,-0.571467990793883
10479,0.547552598100425,1.02147268795152,-0.058592374909716,-0.54020625099102
10480,0.562981647031453,0.81129298178715,-0.369690860868074,-0.65079817723841
10481,0.970475640935444,0.800167464625104,0.188370201311631,-0.572968604328529
10487,0.949568816554876,1.02494576447582,-0.484852350807244,-0.522415615963645
10495,0.633220034425686,0.740371851572516,-0.402196858897143,-0.396915821369274
10496,0.468072392102058,0.627072288743193,-0.151602776414311,-0.641774809118029
10498,0.920964474853041,1.00365946322718,0.18108521074717,-0.594158170440236
10502,0.736105301626266,0.835340832458859,0.0904535155937304,-0.645103409978399
10503,0.459125186624085,0.950328253759523,-0.0961659476972635,-0.429709163248947
10505,0.966307323603738,0.858669872183222,0.178683781582739,-0.578102771569389
10508,0.922568523176835,0.975969201704597,0.186447505004707,-0.586321445537291
10509,0.436178134986724,0.58031505171221,-0.134548660517185,-0.336541585274776
10510,0.661169136375705,1.01733332802833,-0.275658321744927,-0.889604565926011
10511,0.552964855842853,0.784819758110872,0.0271983617164688,-0.479379061284025
10513,0.55867585076389,0.917940968355007,-0.0164424900811986,-0.554177176144283
10516,0.708587387225338,1.07264627737273,-0.0118369553109334,-0.709318369794291
10517,0.555700732042314,1.0310494877579,-0.0477464263024935,-0.554920227095657
10520,0.487062386539371,0.694905207371799,-0.188053846890602,-0.270312691794613
10521,0.702740331833373,0.779494773460298,0.112791445146573,-0.549430906514858
10522,0.929001013324185,0.983196304443707,0.158490251744971,-0.63541335721059
10526,0.967953382707225,0.82335115165043,0.179641090909714,-0.557323432818495
10528,0.650857493528497,1.11569541115517,-0.259478469598026,-0.685220589163825
10529,0.967200243189701,1.04544587392445,-0.460866398615567,-0.547040765884373
10535,0.506807642710025,1.00570426283442,-0.243419438904318,-0.627471867053367
10536,0.94795774843834,0.952598791976561,0.162467675610113,-0.627471904949455
10541,0.762591946824103,0.862710548336045,0.0186011038080382,-0.709116358012388
10551,0.495781159892673,0.867139447663667,-0.0931881887929664,-0.572281757708737
10553,0.508591627834182,1.09482132650757,-0.182942676556028,-0.562148066137849
10558,0.468387011576868,0.955598625621821,-0.171835323713327,-0.521511121819858
10559,0.528578371406105,1.07312282514342,-0.224230351566169,-0.602261158884031
10565,0.516363145108609,0.893414501152017,-0.0160066927838542,-0.308114252679189
10578,0.539995996344953,1.07688480395703,-0.092721391144987,-0.498902277283779
10579,0.965215091876255,0.789155534750448,0.181912548025987,-0.570686313291881
10581,0.546363899520777,0.96565122278529,-0.0424649609342026,-0.520518245197101
10582,0.616258893425839,0.971013905845484,-0.234074306552091,-0.904597256424089
10600,0.716344827771567,0.905287178163854,0.0920184318977918,-0.620065437888479
10601,0.633456801978369,1.13179396628422,0.0149139312322417,-0.49482852986818
10602,0.965789315378867,0.849117808144117,0.175224193222379,-0.592753821961268
10607,0.932166169155593,0.995295376398097,0.171765323981537,-0.5903599849223
10610,0.472581815920969,0.98561467517894,-0.141886727133959,-0.558682223456179
10612,0.74739532898623,0.796951567789431,0.0490105162512693,-0.699462891392085
10613,0.932198848051665,0.969903603433018,-0.50879657646555,-0.515345135815867
10616,0.50721138828814,1.13692395284616,-0.16962629819117,-0.567763173089106
10620,0.526459156296772,1.18027770309264,-0.212950413265771,-0.587315389378818
10621,0.503023462876822,1.04629479623118,-0.135936515393092,-0.586095661170591
10624,0.919011723928998,1.0190524286328,0.164034872484859,-0.627934630853258
10630,0.569902970511923,1.20187385737714,-0.135036219079802,-0.634123828990111
10631,0.770021842652199,1.10563659611121,-0.381557965789542,-0.701475558527418
10633,0.707847073801395,0.87810775026698,0.107576487744408,-0.580930845763929
10636,0.494024032216564,1.04059298664857,-0.124676168749645,-0.51746795915005
10641,0.502520214332535,0.625493592323701,-0.00753161143024202,-0.506474822208942
10642,0.549131047455192,1.04512934286991,-0.0576352660617283,-0.545569868677583
10643,0.968241092132529,0.84010093373554,0.163218408016332,-0.565192924564313
10645,0.454799954746226,0.693196946635813,-0.100000678414298,-0.508483287365004
10648,0.723384753375313,1.14696651343731,-0.307202429614544,-0.912878663810482
10650,0.615932936097296,0.683740172882275,-0.431259658168838,-0.54283952108494
10655,0.666528833796062,1.10761710189874,-0.0247201813273514,-0.648842908644889
10657,0.936160096939844,0.958854635037839,0.181965264313782,-0.598192078603698
10663,0.903922169099535,1.0573176698727,0.164740943141297,-0.626902410505386
10664,0.468866161928466,0.851791145594461,-0.208276217451188,-0.558570165673956
10666,0.517449946419434,1.05848802720188,-0.17728434986661,-0.634193832142501
10667,0.961775316352387,0.883608341789979,0.179741586065366,-0.585694408638617
10670,0.89956521630054,1.09421775139628,0.159049122980818,-0.604667492871545
10672,0.967590511409052,0.800466883034673,0.171623367791033,-0.576571530708287
10675,0.522454004417981,0.732024929691126,-0.336016076781274,-0.517120000205824
10680,0.908054454649554,1.0646659005891,0.174939127924396,-0.59030454721957
10682,0.677820872960025,0.96070771569072,-0.304501956191826,-0.643687615709472
10689,0.957639434066041,1.06228672726506,-0.465081704751138,-0.560028066998793
10695,0.496348990213959,0.854171487949094,-0.0881594605913589,-0.554316352853429
10698,0.500364050334642,0.911397300486017,-0.125533062770269,-0.59477732815154
10705,0.925425759156908,0.967946485223586,0.189213643894282,-0.608486158443546
10706,0.841960784610331,0.702547780078835,-0.565360275252528,-0.514304099300923
10712,0.506116414293815,0.72555192927345,-0.039085479973201,-0.552772972541674
10713,0.6483222162821,1.28124876310186,-0.443989299008709,-0.634486540048783
10714,0.747623327393269,0.800559580398902,0.0764720114485127,-0.652714240421578
10717,0.68878036341698,0.808894967889701,-0.498942324982414,-0.492902257464761
10720,0.667803480035849,1.17130338790093,-0.409239869417486,-0.580939120843219
10727,0.712174130812435,1.07597637786298,-0.416106866385262,-0.56827866487213
10730,0.538086429733397,1.14468766056393,-0.278875882494998,-0.564122440065728
10732,0.717847981854987,0.790619266002452,0.0431521139874124,-0.62494485204059
10733,0.965909831734282,0.819737220127858,0.179306293454278,-0.561973446973057
10735,0.501864323805123,0.970021588466672,-0.237023509297135,-0.683415131928647
10736,0.61675747393939,1.12263258209329,-0.278165779734351,-0.590363308624438
10739,0.963666114307572,0.876163645418543,0.169955865369254,-0.59478424855301
10744,0.726981940784109,0.927769919435749,-0.478277710285904,-0.556781253768617
10746,0.961839538820539,1.04188219447872,-0.470184182962665,-0.521066242542123
10755,0.70756823880556,0.805229605803486,0.138597017685216,-0.531124099731989
10760,0.918953704395418,1.02061871838088,0.176284251324955,-0.611859588761767
10762,0.955876766205281,0.86058767390815,0.207492803164675,-0.563800608113637
10766,0.7578437391969,0.80584157313824,0.0400319353488758,-0.681684636343913
10769,0.704406669523088,1.01036788686197,0.0309956803565488,-0.677960729266294
10770,0.663052005324383,0.939744284451953,-0.290604447824242,-0.609148468471547
10777,0.589964894100211,1.115325150383,-0.379636414237072,-0.662981610215324
10782,0.532203573197995,0.863657117956616,-0.313777871283386,-0.682157384425527
10794,0.950348401276298,0.88089629916093,0.192437353374789,-0.56981547800946
10795,0.909195765050367,0.913994456309459,-0.535417078389404,-0.52600571632887
10796,0.954113475909414,1.04218935295573,-0.476204663082035,-0.555644389240536
10801,0.749437296462406,0.795639338953708,-0.00418891050872831,-0.715848816435202
10804,0.926732409107211,1.03227804191878,0.130915819133286,-0.639127587395373
10807,0.966386605364169,0.830210794074952,0.184502812989305,-0.568441454719577
10808,0.527994973197349,0.909948383681388,-0.101877198064533,-0.688471654537922
10811,0.664940296965444,1.01480654250518,0.0260108417047877,-0.567645014899175
10813,0.914630623106304,1.03666637483914,0.15122931841158,-0.625753714037383
10815,0.673716065803357,0.893424747754947,0.028259026912654,-0.588983474814855
10817,0.52717784028968,0.829688289864761,-0.24050190555231,-0.593666293883838
10818,0.46291058998323,0.579438049540498,-0.0774403120900971,-0.520316063969695
10819,0.959443474490837,0.903594975718719,0.155629314903483,-0.613903597463138
10829,0.582165996797671,0.708199316612095,0.0630433733935527,-0.524924611010721
10830,0.469472615378473,0.892341874438263,-0.144854747866629,-0.552394689661629
10832,0.733991425656308,0.839039357519099,0.088632430411853,-0.647950032536266
10836,0.701021738170558,1.14691082805902,-0.421818047714048,-0.72884547714864
10838,0.729295537633573,0.947802195811601,-0.486037197544989,-0.591894013514819
10840,0.964349409163085,0.871875792500536,0.178440715005017,-0.570525747603193
10845,0.939090240985635,0.960303576464497,0.188663978925604,-0.617231544337275
10849,0.768361109311793,1.09490372152905,-0.375885148950524,-0.663933376566951
10856,0.969563754880848,0.800067914459697,0.189434997681078,-0.556537894935879
10862,0.73478783408709,0.831615096807996,0.0900149166224007,-0.644929499593202
10863,0.479612320621274,0.96173039774655,-0.255507794809314,-0.57223552379317
10864,0.551123212706099,1.20132726977776,-0.309633469925094,-0.683162720178388
10872,0.502323925084101,0.968569212849454,-0.218407864836767,-0.658779695503136
10876,0.515472283451291,1.08446550995099,-0.244564030948235,-0.664038413575968
10878,0.590996077801275,1.12404395671024,-0.395816818041367,-0.640927007779218
10880,0.505410192095486,0.737883870214271,-0.137332804131042,-0.646319688605893
10884,0.953680340526192,0.856392002668742,0.20453550993832,-0.543633203675778
10885,0.599357495338898,0.630009964622916,-0.396285493482042,-0.529763381797755
10888,0.547591474576954,1.05956459795277,-0.0756785548476112,-0.569998840137521
10891,0.486055177434501,0.945748574179092,-0.280505113686002,-0.520769123532337
10894,0.908469695275432,1.07548669068816,0.163316127179591,-0.615744095146345
10897,0.454024261510012,0.806894636673448,-0.137074861106658,-0.437451252268209
10900,0.969999791522418,0.847199301847167,0.182079974372149,-0.572250574327217
10903,0.585352715473928,1.18055227389923,-0.127366207573651,-0.660891092421744
10904,0.525224803964756,0.896715045728444,-0.305392382491765,-0.692297537490529
10908,0.764729290483809,0.784101587653572,-0.00122309166038736,-0.69457859633176
10921,0.473407490649278,0.78083624917243,-0.201756122005852,-0.62557391820718
10922,0.724275140970143,1.08166592013793,-0.356663849622625,-0.549841649704521
10925,0.668579257018951,1.13723197700858,-0.0200846857774942,-0.641287380189036
10927,0.577156746308573,0.900664778639967,-0.00234184706061247,-0.601285840343902
10928,0.593184305241528,0.931071848817581,-0.388396427377654,-0.789813077153336
10929,0.968946297744124,0.828828430494948,0.198434652314287,-0.536614453444924
10937,0.760025118152409,1.1011790837699,-0.381842255374625,-0.643777908918072
10938,0.965753806131227,0.822393322972654,0.173706917571257,-0.591948739750201
10940,0.938752339516821,0.979194049543934,-0.497500074170026,-0.53288779506978
10942,0.52626514708242,1.00908295983918,-0.135895228155507,-0.649265948787249
10943,0.568472731169902,0.895659545677784,-0.138560666598288,-0.799792780091946
10945,0.462425956897502,0.882820596949518,-0.17199638347807,-0.463956895999839
10952,0.496995192017246,0.996814293811008,-0.232092105615274,-0.661994102175785
10965,0.736391435906999,0.821792278753813,0.0216699935397446,-0.688601077761201
10970,0.565671926238893,1.08791287643556,-0.34406154828179,-0.745481214588775
10971,0.552990490816729,0.892655574097493,-0.0301672400077983,-0.542819389351354
10977,0.703132654896317,1.01594792733498,-0.380090030839809,-0.56597890353103
10982,0.920083104570619,1.03618652069833,0.174661290585685,-0.592703213627975
10987,0.587130670933093,0.918200898309253,-0.0474841409135778,-0.685653286459684
10988,0.465397765086708,0.782174536175621,-0.209578201817998,-0.617965345518774
10990,0.950124953973059,0.877316818817957,0.191752339643734,-0.59512355780816
10993,0.551309147127397,0.941342491968318,-0.243812187292189,-0.778729047792893
10994,0.603113580208482,0.898286272680564,-0.429658967186639,-0.611865631523938
10998,0.663082699191195,1.22003306110274,-0.054127512061311,-0.644659296440419
10999,0.966985561503013,0.839597492593278,0.171593263947685,-0.568584363887395
11006,0.564082868094526,0.903649242984265,-0.325732772373121,-0.530025333579707
11008,0.684526357431241,0.906107424645712,0.0863026291029003,-0.55102161306731
11009,0.9189626741612,0.994682930059514,0.173083378687264,-0.625882648437719
11011,0.712772401006605,0.926444364171065,-0.52931892165072,-0.740395328815428
11013,0.506076888367848,0.944664910734257,-0.170233617875448,-0.579120131909343
11015,0.669859763187774,0.982999317129182,-0.293599605277998,-0.811287757390414
11016,0.605034726612221,0.962924533697613,-0.421984131612491,-0.577659163053928
11017,0.711590581810146,0.915404655690918,0.0865545846994807,-0.635395871841795
11020,0.956807954251324,0.87346452494529,0.183594675471347,-0.556828830741167
11021,0.625386537143044,1.03740047973105,-0.132030861267175,-0.774602213674528
11023,0.735956317397289,0.752083248851497,0.0862672907936768,-0.625262882086627
11024,0.71223814795581,0.981845166713032,0.0431031246602787,-0.667430684938328
11030,0.589321778884724,0.965458904262779,-0.390768435121091,-0.561108152324528
11031,0.957335279204439,0.882281955807385,0.184020240243233,-0.580828262855518
11032,0.493228581646493,0.901582275301717,-0.312884212834305,-0.393910888150349
11033,0.507232049153674,0.925853001268948,-0.324619706516171,-0.538692901167084
11037,0.95339035920971,0.890404961516123,0.181179642591856,-0.576991129712032
11040,0.59366646658389,1.02212851635006,-0.216229059958327,-0.795578133285601
11042,0.91450699605079,1.06071733517028,0.147998468388661,-0.649888934704723
11043,0.947832467470245,0.884262003490688,0.199393468825702,-0.562586774141661
11044,0.941571410877614,0.934922057318841,0.186445627497837,-0.59269616508396
11045,0.91551337340767,0.945289854459265,-0.522519075126536,-0.534006282170606
11046,0.708891512075446,0.831203686782533,0.1374688784835,-0.533347885870984
11048,0.907340430412069,1.10410242526056,0.148912532366362,-0.619501019569376
11052,0.951222827905759,1.0151109428781,-0.47557513949457,-0.546960156107229
11053,0.912897825670803,1.02513909513846,0.192522123050395,-0.578507832840807
11055,0.960375688117724,1.02116321789804,-0.464758581443166,-0.524782181357731
11060,0.561447725436913,0.946310293911313,-0.0289412879579225,-0.576191623379685
11063,0.743288121222517,0.981194454288293,-0.437409854875239,-0.65808914517035
11066,0.966673052383156,0.863846587593906,0.153751129303799,-0.596097509110661
11067,0.578858424145144,0.895421167198836,-0.0119790489902346,-0.641923958826805
11068,0.464844283626919,0.90808488290294,-0.176151085254988,-0.517694190989723
11072,0.711785284441104,1.21814701452003,-0.447516102680116,-0.65203187147572
11073,0.555583208696029,0.829551603441235,-0.32430406005879,-0.648074059796278
11076,0.953808299780316,1.03616649056951,-0.466282442192647,-0.573797631440032
11078,0.668686988417866,1.01623399080897,0.029845532210862,-0.586261028530659
11079,0.956338705319379,0.867222803459676,0.181115277580205,-0.586028357013035
11080,0.914825152726533,1.03282016964345,0.156669022736368,-0.616383543470873
11082,0.560725484306955,0.797102964028445,0.0145366344862277,-0.533630900988529
11084,0.489828278341564,1.07559520795501,-0.132893901465681,-0.423237032131234
11086,0.951391369687166,1.00655866233133,-0.471528388824396,-0.528102937376331
11088,0.673103257983886,1.01745435855204,-0.302333648502414,-0.340050172278898
11091,0.755665610174438,0.912269444600127,-0.110611225513598,-0.920846195330944
11092,0.929810632463181,0.963099271105372,0.188326121769255,-0.577441950006498
11093,0.512654524220844,0.991007735591767,-0.1509099835278,-0.679018572776184
11096,0.672217924458155,0.717978704343767,0.112207804138189,-0.354956573762296
11099,0.966361147365974,1.05685868597775,-0.461580128140158,-0.560709218609308
11102,0.683085185724028,0.813003677780331,-0.459775573806909,-0.625842333169628
11104,0.560869666756927,1.01125180364704,-0.0588756342786417,-0.604266914883523
11105,0.485645275322785,0.983365274767973,-0.267530919781576,-0.56246478424511
11106,0.560804060935769,0.722291908337862,-0.0193972640734937,-0.512802437818216
11110,0.595468640234572,0.939372344698699,-0.180823570662601,-0.862594305380697
11112,0.496405868051093,0.987232812903903,-0.256969130884878,-0.649104015239919
11115,0.934851426168845,0.967140857559436,0.167442747173682,-0.615267007346274
11119,0.942598581164016,0.909812831173183,0.185838537755796,-0.580876053596253
11120,0.559534892213561,1.06131401220473,-0.271507270208747,-0.801335070712841
11121,0.505140743824708,0.810004702960571,-0.237752251314533,-0.528814761817873
11122,0.69715878547545,0.802894394530756,0.0937516167615478,-0.546153006402104
11124,0.968184538257434,0.871039751298247,0.168592489432612,-0.579283003385435
11125,0.695178447489115,0.970691868907377,0.067232489004982,-0.632430934438734
11126,0.946874077972731,1.01918226379979,-0.487194668712691,-0.535996187684624
11130,0.92705198246081,1.00008947940724,-0.507937424356975,-0.548987577474081
11132,0.623053727988166,1.03974470590009,-0.278774709111619,-0.752502443195312
11133,0.951135395185742,0.903018039782646,0.175479320942276,-0.587676919840448
11134,0.699327714857174,1.0260382702571,0.041720288860244,-0.661178156525317
11135,0.537782415160603,0.761191344916687,-0.00453260831556935,-0.358766351146426
11136,0.525311144077852,0.693220872738812,-0.223287237357318,-0.675126448066587
11137,0.973698142743549,0.813047099662268,0.176534881965668,-0.555009520371684
11140,0.458964642329416,0.826931869857784,-0.150874261295389,-0.495059795129235
11141,0.636363229685475,0.887097232866395,-0.0481430195037337,-0.755687931363355
11143,0.479464882184887,1.01778393852834,-0.1003527082087,-0.377322576780274
11147,0.654279885178897,0.918320792759568,-0.0150662063170637,-0.530465172642936
11149,0.740753220907321,0.889461083506186,-0.51314173831975,-0.578253370132643
11151,0.95709544234569,0.844123406135903,0.179185889692756,-0.577988542942317
11153,0.743221881292373,0.826825836791128,0.0151401132923683,-0.684876077932906
11154,0.973192871070687,0.823664900353951,0.172693743736814,-0.578234388388441
11157,0.596717201441794,1.1703719606064,-0.391250329381211,-0.610787419104623
11160,0.431736185729967,0.674643088323156,-0.0842307319868609,-0.369676787020336
11162,0.546573578544089,1.22562271100677,-0.202384982471536,-0.641952065720115
11164,0.604637263752805,1.00117824560341,-0.42773785177682,-0.578327459491697
11165,0.961840146337837,0.82225840809843,0.186271094871302,-0.564821100223488
11167,0.664182768258456,1.11414498685845,-0.222189007227149,-0.928796666762941
11169,0.654233367619429,1.01110268760974,-0.446062760724684,-0.637332041688623
11170,0.913955686456068,1.0398178400776,0.196257204226597,-0.575704613375084
11171,0.441052906189358,0.641752387831528,-0.0882860083241981,-0.313505910258767
11172,0.526703960026073,0.834431328259799,-0.150234059333103,-0.719687335378844
11174,0.463400953288457,1.01038073088576,-0.134325678810434,-0.347825948623597
11175,0.668586068736873,1.17618718972749,-0.356823905201793,-0.662759603850105
11176,0.601446079377897,1.04718568406003,-0.283864039675473,-0.68275862597118
11178,0.652698135086216,0.958339376322893,-0.248162558139639,-0.406299075344119
11179,0.588964323998857,1.14590241541084,-0.371015023845564,-0.62434181042906
11180,0.531549032382392,0.611815765573752,-0.0896986440570536,-0.594981760459507
11182,0.956458255550769,0.848040663966812,0.182907723510553,-0.590913734122385
11183,0.474344506109576,0.699608300862132,-0.00144639852003266,-0.120755059004561
11192,0.728266954667629,1.1276589615328,-0.327296352104181,-0.428886005765242
11193,0.687470037792995,0.697630585605186,0.0826881323745573,-0.40966245117103
11195,0.588782386694614,1.27335011044756,-0.367399978592089,-0.604683168232548
11196,0.966274296908832,0.813786784311429,0.173331760685578,-0.570712992182909
11197,0.550252707922676,0.787556320275198,-0.261889147759295,-0.709586629406757
11198,0.787347518881658,1.08899321138421,-0.367684722193715,-0.717175070072192
11199,0.920391257486177,1.00055658331401,0.183019515827776,-0.599394377836251
11200,0.907931457376714,1.06721633155298,0.173178543858841,-0.600339959031695
11201,0.906853958347614,1.05475936728685,0.15802177056083,-0.631409158580366
11202,0.931837146703355,0.979249388507792,0.172976635000192,-0.608266479532595
11203,0.596845741681871,0.669861952507535,-0.396585319484957,-0.518416828883212
11204,0.524326571094356,0.997712627847577,-0.0395700109709652,-0.403661445688199
11205,0.518785017285245,1.12964158906139,-0.140604188515777,-0.635240872887642
11206,0.534876846298955,1.08916902068477,-0.12492826412529,-0.675287946834688
11207,0.597157297767789,1.05960499776049,-0.176838397843605,-0.822109086414308
11208,0.491234500342357,0.989200027280587,-0.192556747679746,-0.435123330232382
11209,0.706547765691514,0.795983486735654,0.119600511986085,-0.509585965539624
11213,0.468814710320105,0.838040080272791,-0.166956381305309,-0.566495042581099
11214,0.505345381514981,1.08821717472838,-0.245855949053621,-0.530081310969325
11215,0.502095006008792,1.01857418185729,-0.225268117133875,-0.646502770131952
11216,0.477994341326139,0.842481714518741,-0.0710468313080477,-0.364635891680693
11220,0.641681459648336,1.08163242589779,-0.433014927564496,-0.642109349590489
11221,0.952436228373831,1.04688795542531,-0.482216838165547,-0.553911504580341
11222,0.906549108233259,1.06347660060111,0.168834048303954,-0.607470336567585
11229,0.9439983854735,1.00044152510613,-0.487441619446987,-0.575815226396432
11230,0.924078111267821,1.00961678033088,0.175226896466754,-0.621647737325179
11233,0.650478826678914,0.955087376608775,0.0526053117764885,-0.526482337117714
11237,0.48910826877762,0.962516303821496,-0.276190686386703,-0.516938414357029
11238,0.480910335855621,0.8729870732615,-0.193026661672715,-0.471693609288396
11239,0.875763635889057,0.793703968167988,-0.556873152904238,-0.590019485077954
11243,0.732986286854975,1.11300921940999,-0.354150320477649,-0.441543344206988
11246,0.57792336926069,0.815081991740227,0.0101196220022509,-0.598663798984187
11247,0.764295163007893,0.813975668331812,-0.00357295639869275,-0.699998719421039
11250,0.563225891959708,0.607627351133847,0.021594410409265,-0.418728092239874
11251,0.481493429923483,0.45198183623485,-0.0706398485098097,-0.555566635430612
11252,0.597182180816813,0.962547713072896,-0.412628729928178,-0.581749270053551
11254,0.781766680603194,1.11680294753689,-0.341890226372847,-0.683846259610045
11257,0.717551258626814,0.880383828527167,0.101997477261373,-0.614103669132761
11258,0.669642152782349,0.987273927014921,0.0414016283823439,-0.588366399490374
11259,0.53346585052043,0.997401628823236,-0.120677711046183,-0.696004445432395
11260,0.615778886727013,1.15835365014253,-0.30615612675806,-0.754027656528491
11261,0.556752802079595,1.05385209298194,-0.0715385858241606,-0.568895346241137
11263,0.662911219947951,0.854234802295072,-0.397360900871055,-0.547740521526854
11264,0.593323922423381,0.708702585450139,-0.0348982996805002,-0.603435943133578
11265,0.539216487016854,0.803111294631374,-0.340530043900336,-0.538374796347409
11266,0.952364611480018,0.889214986062639,0.185053465202309,-0.57998632459767
11267,0.479188816722284,0.807156845361359,-0.237584688360167,-0.574045510603729
11268,0.505621340081088,1.1096950146927,-0.207741769777846,-0.596417876905373
11270,0.537813575014988,1.07068253665927,-0.184480124580608,-0.697084336002007
11272,0.5715529335619,1.24304272719761,-0.328312596324709,-0.620991570389613
11276,0.902540233900488,1.08403216615282,0.162137593678898,-0.618655748610296
11277,0.953617197457968,1.04311658637978,-0.469307971920292,-0.602671441430334
11278,0.937663292005213,0.929377859861312,0.181120142418909,-0.623824483828013
11279,0.515553512631718,1.08594570158413,-0.260855364293146,-0.62850439043672
11281,0.614189664155216,0.746444756091794,-0.391307618466111,-0.517026041002006
11282,0.489066432094287,1.00870500552594,-0.202370881084049,-0.599103742673347
11283,0.567477102773276,1.24579696935755,-0.164276239632274,-0.643823063526429
11287,0.966501567695729,0.866695050172144,0.180083673771988,-0.567258132809453
11288,0.546504761919364,0.68707222087639,-0.215624635484768,-0.377205693240549
11289,0.684065174830841,0.776455385382055,0.020178533085268,-0.534499442149218
11292,0.724237750535687,0.851977663019417,0.0956821978188897,-0.619198811648494
11300,0.676062231229119,0.956238537766263,-0.299128655190463,-0.556433348752538
11304,0.551758135033593,0.991191363809196,-0.0669894987322522,-0.562438137656734
11306,0.932138928135779,0.921290719805639,-0.493860242467072,-0.514999454370255
11307,0.942008738188256,0.945309778668655,0.180332296056401,-0.594644340915466
11308,0.614601581099437,1.07403091664418,-0.281436214116152,-0.584352719849461
11313,0.929294188153567,1.00791065318255,-0.517179283764012,-0.524407783921889
11317,0.480618297194836,0.979377448602707,-0.232416972317229,-0.580819043409783
11318,0.486483620337512,0.954854360942579,-0.186476299659714,-0.598996926287567
11319,0.571543173015928,1.23534308458066,-0.243113616245786,-0.583880463544173
11321,0.514854932395103,1.13364401568755,-0.308194864657618,-0.61606561941918
11324,0.637272625704962,1.15772008268627,-0.00887453272032337,-0.558046859082917
11325,0.901047926559003,1.09377217726913,0.156960254234455,-0.619738538775527
11329,0.468927821639944,0.727471409295083,-0.0273218087132199,-0.264054537721108
11331,0.697599007226447,0.944301881148838,0.0508421754493399,-0.64117180013265
11332,0.64722636122468,0.761536563169008,-0.429037970066361,-0.616786456435767
11336,0.698288782897133,0.903354691817665,0.083071409970978,-0.618127543069523
11340,0.734094571647454,1.12519067195449,-0.310168330741572,-0.424293775505156
11343,0.597607874905819,0.688445345235324,-0.325170505815552,-0.616658973550801
11344,0.613961458323318,1.17504312085618,-0.169690078874936,-0.819438682606281
11346,0.551593906983017,1.17273912773594,-0.294315964762175,-0.70472571556356
11348,0.623347488940905,1.11850864809334,-0.354008498147932,-0.513550763812616
11351,0.590251318544996,1.05747292043704,-0.315424696001758,-0.405878997704242
11354,0.634709589797221,1.02704489803818,-0.00105291363127095,-0.5205703507642
11356,0.47953776328082,0.919288981676643,-0.173462168106166,-0.60059539219306
11362,0.729694624117405,0.911222206633802,0.0201772021815364,-0.702697085525207
11365,0.435284895020212,0.712217332144296,-0.11373776826381,-0.428125963046989
11366,0.496991098473429,1.21065110836843,-0.106430687705811,-0.216611804326082
11369,0.547318698887817,0.917444151291497,-0.298090963849859,-0.464278049974844
11370,0.676146813593338,0.826549948476615,0.0739668282479336,-0.510887075719113
11372,0.590006029826908,0.925741944153549,-0.0405220401817333,-0.66647492915002
11374,0.559266781904191,0.889117960481857,-0.0139157337449904,-0.542925322528484
11381,0.518479543091072,1.03848291944871,-0.179495926249955,-0.672203607454516
11382,0.59258711965438,0.671798356805518,0.0823573494401237,-0.521722350171255
11383,0.711336166172666,0.916540876733177,0.0827471969327336,-0.631852748192461
11384,0.586043451332381,1.30264440643526,-0.298176960164208,-0.641621549994594
11388,0.66189706951922,0.810101993686791,0.099588713916422,-0.438236482365402
11392,0.482450981250304,0.936316927650416,-0.23690372084971,-0.579158861671644
11393,0.839633744642532,0.698202458368042,-0.563985834048888,-0.470457729104354
11394,0.645924453479539,0.994108076495499,0.0151509074994968,-0.537910560826784
11396,0.964354862608263,1.08761916201898,-0.449769014189807,-0.615426486787566
11398,0.957369763512388,1.05335053717715,-0.463262034469531,-0.560442286410615
11399,0.589893691457332,1.30418807752551,-0.407105328371761,-0.598220810041289
11403,0.957946629067505,0.884121954077874,0.171600483609637,-0.600509353914584
11408,0.696959383963628,1.03883522162496,-0.206863210404634,-0.954291723087556
11410,0.64967100560142,1.09665709099472,-0.3950161456125,-0.63646041364233
11411,0.671003094257389,0.877661180699208,-0.444835001403599,-0.521309860160787
11412,0.456161426290307,0.799263948619793,-0.142110846532517,-0.451726761052787
11414,0.965198995229056,1.06916765500823,-0.445584210795231,-0.607855288844956
11416,0.666687071204193,0.850383843287388,0.0333530960057764,-0.517832213951719
11417,0.523784276881455,1.18261495997427,-0.214532406375425,-0.605217704121901
11419,0.491818300451108,0.704287952240033,-0.126182846518919,-0.674509854462751
11420,0.562818317956162,1.14456061908513,-0.105255470366595,-0.593710513337596
11423,0.543978580675549,0.880459033288388,-0.132717686589818,-0.0477951612872147
11428,0.474082685598174,0.905544914317158,-0.23789417174035,-0.547969143173284
11429,0.522185323708303,1.02636711693485,-0.187955456686365,-0.661324985381212
11430,0.610550533941539,0.962979364341036,-0.357036253949877,-0.730284773885229
11431,0.915208995108842,1.05958196013898,0.14797095281043,-0.643241987060989
11433,0.607887259133032,1.07455611428301,-0.254257750803731,-0.60214522307153
11439,0.684163874581444,1.13117856120319,-0.00960246946127695,-0.664852755627396
11441,0.601462163037901,0.609007226675437,0.103210152437683,-0.532104957782401
11442,0.556305630756115,1.10282067189085,-0.202159090494096,-0.753008507792163
11443,0.738019175643584,0.884231265033989,-0.527628938304471,-0.617735436056825
11444,0.655971965619278,1.14070200744036,-0.326999799143017,-0.544346812979468
11449,0.577468289154715,0.906506247671509,-0.011058637671907,-0.624669411079247
11450,0.929165561573844,0.976971875140301,0.161712829011104,-0.607753596009878
11457,0.963567851789912,0.817421542972008,0.172754467710788,-0.566353882589235
11459,0.566009978777514,0.705839596893887,-0.175334434637191,-0.843457748255815
11463,0.48128833566954,0.924201443130144,-0.19544973065374,-0.575929869531794
11466,0.742999132114534,1.01202735442294,-0.313669763243721,-0.742425403538548
11468,0.920867386522569,0.996681043231456,0.176999923614368,-0.59683211733673
11470,0.550320610298592,1.17142535734471,-0.232303424242551,-0.630697443605483
11472,0.670062329379593,1.15040643019554,-0.472699262695272,-0.49089887274494
11473,0.909429855611136,0.883702411473954,-0.512687521088303,-0.4644452939314
11474,0.754275174534261,1.09258405384143,-0.344995274199131,-0.920701894332438
11475,0.566501265674001,0.963471332312515,-0.0618604549666275,-0.632649550425395
11477,0.502054847413204,1.01414571776656,-0.287801153061078,-0.592565581085883
11480,0.537884476304947,1.08764286831743,-0.222639577563213,-0.732683320095514
11481,0.665550555546786,1.20810813792233,-0.290186717971229,-0.530979763337274
11482,0.911819368722943,1.02481233540648,0.197310201371651,-0.558163414800088
11483,0.493819234839951,0.978596009672332,-0.146538232503846,-0.521782796396637
11484,0.620964762892582,1.16618882361911,-0.0444205974642509,-0.512497868631466
11486,0.940346568977095,0.983926636936484,0.110446472427317,-0.683902245687329
11487,0.743411822018412,1.0739236975061,-0.404369596794178,-0.540296676340377
11488,0.608969769286056,1.17799983517054,-0.400787754169966,-0.768057818865604
11489,0.730581897961459,0.730232639612284,0.0757930853115768,-0.594954601487126
11490,0.650350523500882,1.21552057877358,-0.310130385947166,-0.749899765421805
11495,0.554065333490505,0.711194578543891,-0.0445206123070895,-0.438321097858337
11496,0.576291393142707,1.23749633681306,-0.136521336800866,-0.618482549731663
11497,0.685534128572536,1.0838305763879,-0.0387426865283184,-0.68930172327302
11498,0.71015724453801,1.15344876705706,-0.330757031706119,-0.67829942952019
11499,0.962329865393784,1.09864755453713,-0.467796475125511,-0.51923904744846
11500,0.494943528595334,0.987561970709274,-0.110295273496844,-0.538136215596244
11506,0.517242624382883,0.910822931740395,-0.122184752531844,-0.641560708228261
11510,0.924444939541637,0.967725463981287,-0.512586744576777,-0.60743159320367
11511,0.58215624642697,1.07266233539972,-0.313086522983043,-0.491953267114133
11513,0.623759732930452,0.872436451253369,-0.193740257232862,-0.857616956905684
11514,0.912246967815,1.10055439087544,0.127116514929139,-0.651012798798317
11521,0.522948299434488,1.06875853789436,-0.321594879390309,-0.552026469659982
11524,0.971967056989644,0.806579927680207,0.177259303585066,-0.563990026496519
11525,0.84411220165293,0.693987956527541,-0.569771041676076,-0.530558548764662
11526,0.933145626316314,0.965323816643049,0.176201680869876,-0.579574992274027
11528,0.632522227633855,0.862600881131546,-0.390744067864012,-0.562749864762116
11530,0.942526952953257,0.976096377914911,-0.487800242095098,-0.557308417101917
11533,0.667439253395056,0.954207383631378,-0.142035808646528,-0.925418236742764
11534,0.664749390444117,0.885266305067466,0.0383756508228859,-0.53441757655565
11536,0.964179799790586,0.843792920536642,0.174902432155365,-0.578591129912479
11539,0.684570064169404,1.08553115284589,-0.341383429288812,-0.74971473719109
11541,0.660542508123551,0.921584969589039,0.081838910352631,-0.476340199798243
11544,0.626851414628859,1.1018255195011,-0.249871126548338,-0.633018607065259
11546,0.588387526837887,1.14362498879081,-0.120534316297717,-0.692206842375272
11550,0.551685676391627,0.904067262142899,-0.343749142254583,-0.515129016045735
11554,0.967207828317003,0.832515006521713,0.179119224059061,-0.565024983331651
11555,0.66980563261608,0.948443258388037,-0.295094011651121,-0.327232680538244
11556,0.468199108731575,0.860655677577369,-0.0611118890051001,-0.343891063619163
11560,0.970596655195419,0.811644074733784,0.183799561714184,-0.578209067370397
11561,0.952579192641292,1.05314893506175,-0.490631616181469,-0.557089943421588
11563,0.707234682883477,1.07713697306299,-0.00267907073627342,-0.70850116148667
11566,0.502867288685168,1.02171884009437,-0.263957470310849,-0.612240204886454
11571,0.917004175024835,1.0462713135691,0.15593819126248,-0.638199665576511
11574,0.909082043500101,1.05507474605115,0.17857294777811,-0.602422732864334
11575,0.918419283621283,1.01459765245003,0.168655645972169,-0.624557673431868
11577,0.909036735921081,1.04713670453547,0.170609659444151,-0.615203311956938
11580,0.960162850356379,1.02021871045123,-0.448467428874569,-0.576011540406529
11581,0.877275868245215,0.806808868162928,-0.549899418080596,-0.501616223910692
11582,0.484085825421458,0.71842568857284,-0.0690322115783026,-0.450547709432984
11584,0.509545943988209,0.922728694550205,-0.197448151051507,-0.639031526589841
11586,0.474152566319508,0.940392556947874,-0.260492538982935,-0.568489743378201
11587,0.956334890652979,0.857189829496277,0.186294611107214,-0.56387880576257
11589,0.579683558183237,1.077922783315,-0.268136763469071,-0.746445039500396
11590,0.500336964648227,0.914402097738703,-0.201146992063237,-0.680354677441287
11591,0.550614582898818,0.921146058040999,-0.0156649040260772,-0.533279939179701
11593,0.6197923405587,1.24323029850785,-0.390173030632373,-0.522800323538588
11594,0.599527533751581,0.998337534867091,-0.405461064348527,-0.579223256303306
11595,0.485821810650941,0.895535895711532,-0.180408740239979,-0.656049065163514
11596,0.967440762328353,0.810227518182357,0.185291755771007,-0.569043898938643
11604,0.909190181737506,1.09275379088341,0.163607625831174,-0.617315034399709
11605,0.666266520792568,0.98113004295742,0.0214854841812511,-0.590866048015988
11607,0.562003200380568,0.80764998698148,0.027673858325851,-0.5136640123914
11609,0.660281930070516,1.10003412823053,0.0034522537012071,-0.591703712680312
11611,0.504726281543454,1.1130133960053,-0.15136978384048,-0.550676978334647
11612,0.741427624859656,1.03740784608949,-0.475719591816523,-0.492118576941188
11617,0.546185236177849,1.13066478299357,-0.235625458222095,-0.7443936286381
11618,0.712502446805995,0.902926030686526,0.0896523458429622,-0.62777526287824
11619,0.564502452526364,1.17999845356242,-0.199514799172238,-0.73010449941647
11622,0.774510384547587,1.1368347255643,-0.359789950281799,-0.664853915235667
11625,0.907489351131403,1.07541874402892,0.171204048898418,-0.606369185638225
11630,0.568155023092994,0.943240400853157,-0.0259950875670815,-0.590994891558742
11631,0.508567788541534,0.734012389131898,-0.27229900969258,-0.714039763508869
11633,0.487208639965115,0.70470859857324,-0.233853710988064,-0.398177830906404
11637,0.631590753525695,1.16801849003175,-0.276881707502439,-0.759808405570552
11638,0.546216271975609,0.849316701813092,-0.341788235479753,-0.479085883097761
11642,0.711402523213462,0.972902731548817,0.0398852733504758,-0.67369995571382
11644,0.587530608102043,0.710658595456443,0.0134282264996674,-0.589127149677501
11649,0.583990811861153,0.684950005763552,0.0663148589522113,-0.508642693810944
11650,0.586492539859514,0.681424382847841,0.0560247868251152,-0.534956409191221
11652,0.562689866128728,0.829671756340235,-0.0897376114928331,-0.539840175180479
11657,0.509804978313925,0.723631273392975,-0.127262101832561,-0.691474210598379
11658,0.538523973420311,0.721988239794446,0.00432764031555941,-0.384586193331115
11662,0.715987393678739,1.030797652942,-0.310797748263576,-0.58003093930289
11665,0.618204957128765,1.22174904574682,-0.344543002371908,-0.685206806880341
11668,0.501961241564313,0.992178478735981,-0.194904134007315,-0.521273951114643
11671,0.963962275900803,1.05143548718539,-0.456603194333529,-0.563714059444554
11672,0.536346377457366,0.881595298498006,-0.118514883180151,-0.699009926014089
11676,0.674955052067464,0.930515397269745,-0.00424408041616909,-0.591105102746385
11679,0.602413558081817,0.661119713354018,-0.00693275711070191,-0.598672836339899
11681,0.712245282230938,0.872620281210373,0.0354802149533434,-0.631249830685788
11684,0.626161222154352,1.2104005341281,-0.204410773015285,-0.80159928649614
11685,0.540798702810841,0.913540115650589,-0.0170323777488882,-0.480066459184038
11688,0.875217246745333,0.781483944702908,-0.542679883829162,-0.505452949157205
11691,0.58470252450957,1.01016607938635,-0.381601122283064,-0.737566958303436
11697,0.966898494390873,0.855211265451902,0.162289344115347,-0.603226089805032
11699,0.952404429708539,1.02094814695068,-0.479119705709201,-0.55673505633265
11702,0.646318781614933,1.0732767384883,-0.0352059609937189,-0.558292698262309
11704,0.968405671859033,0.809997056353138,0.181566801076131,-0.580131851837049
11705,0.734568744270046,0.769545395187166,0.0502602391354934,-0.640681669568875
11707,0.912162836822135,1.01076355423058,0.193585236634911,-0.576094827834279
11708,0.756485824666984,0.806217485435664,0.0185627320572662,-0.702664591002572
11709,0.949641211919928,0.883879699436742,0.190547460128584,-0.574784948254162
11711,0.933785565723696,0.989041045655299,-0.506546759974147,-0.52776723686992
11712,0.49487892266705,0.97736803180291,-0.109108869573693,-0.525906432174694
11716,0.471035719708306,0.851704717393887,-0.130253261215659,-0.549934230824386
11717,0.947658882055828,1.00603168426115,-0.490761765968748,-0.531426818241066
11721,0.938601734106931,0.942879335190026,0.187880420187562,-0.596044191798252
11727,0.584810403443419,1.24202568294126,-0.185231160363993,-0.744521551260111
11728,0.962245671361586,0.848799816520987,0.171920076453127,-0.595585485486485
11729,0.749480217264345,0.858221266825816,-0.000485524997623221,-0.719265703874236
11734,0.549126668691309,1.16266625302404,-0.28486284049394,-0.666926520349777
11738,0.960057390901477,1.05514436673447,-0.458176867132198,-0.581690065478801
11739,0.943356447365523,0.912327989048982,0.15407331449095,-0.619368871891543
11745,0.961413335560132,1.01506725097606,-0.447302092523127,-0.570784906253343
11746,0.532433645938071,0.789692943264075,-0.361660604205349,-0.374193705423844
11751,0.49486631375911,1.14937850522668,-0.227345546117225,-0.511441443897084
11752,0.766987644104991,0.803232124384234,-0.0103675269196535,-0.725284329317236
11756,0.541186456323647,1.30056238950955,-0.226151650092842,-0.584370450592835
